split_seed,benchmark,dataset_name,probe_label,probe_path,probe_seed,probe_weight_source,layer,token_position,pooling_mode,transfer_r2,transfer_rmse,transfer_mae,baseline_transfer_r2,baseline_transfer_rmse,baseline_transfer_mae,transfer_count
42,fev,entsoe_15T,coordination,seed_42/toto_dynamic_probes/artifacts/coordination__layer_4__all_context__series_mean.pt,42,pretrained,4,all_context,series_mean,-2.110534644345121,0.6572812948833163,0.5782679781729233,-26840.4406961945,61.05716890318006,57.19938716340867,288.0
43,fev,entsoe_15T,coordination,seed_43/toto_dynamic_probes/artifacts/coordination__layer_2__all_context__series_mean.pt,43,pretrained,2,all_context,series_mean,-0.4852361516491814,0.4541836620136881,0.3757838632332448,-39429.07698203136,74.00269982127469,68.08407958199625,288.0
44,fev,entsoe_15T,coordination,seed_44/toto_dynamic_probes/artifacts/coordination__layer_3__all_context__series_mean.pt,44,pretrained,3,all_context,series_mean,-2.709833680059851,0.7178124252101592,0.6361917776676772,-22759.350860913622,56.224192673559656,53.58967518713641,288.0
45,fev,entsoe_15T,coordination,seed_45/toto_dynamic_probes/artifacts/coordination__layer_4__all_context__series_mean.pt,45,pretrained,4,all_context,series_mean,-3.347465485977745,0.777055114409681,0.6958678247207329,-41200.99894829448,75.64720651768835,69.74774479898308,288.0
46,fev,entsoe_15T,coordination,seed_46/toto_dynamic_probes/artifacts/coordination__layer_2__all_context__series_mean.pt,46,pretrained,2,all_context,series_mean,-2.144036670087591,0.660811440377955,0.5817390322249687,-26581.73192328528,60.76220947641954,58.05784134209984,288.0
42,fev,entsoe_1H,coordination,seed_42/toto_dynamic_probes/artifacts/coordination__layer_4__all_context__series_mean.pt,42,pretrained,4,all_context,series_mean,-0.8580241775625954,0.6773266581696807,0.5666019014942544,-15908.427680079683,62.675782788632354,61.11773759265475,288.0
43,fev,entsoe_1H,coordination,seed_43/toto_dynamic_probes/artifacts/coordination__layer_2__all_context__series_mean.pt,43,pretrained,2,all_context,series_mean,-0.1642139474338519,0.5361531814083401,0.4759842086269723,-23784.34774918637,76.63501399601539,75.45391087020633,288.0
44,fev,entsoe_1H,coordination,seed_44/toto_dynamic_probes/artifacts/coordination__layer_3__all_context__series_mean.pt,44,pretrained,3,all_context,series_mean,-0.383077531073035,0.5843805480646194,0.4911213963414911,-13251.451315322376,57.20323593394142,55.61669935050577,288.0
45,fev,entsoe_1H,coordination,seed_45/toto_dynamic_probes/artifacts/coordination__layer_4__all_context__series_mean.pt,45,pretrained,4,all_context,series_mean,-1.5409733349403445,0.7920863737257827,0.68139588721972,-24944.063869039932,78.4810488550744,77.3369771227398,288.0
46,fev,entsoe_1H,coordination,seed_46/toto_dynamic_probes/artifacts/coordination__layer_2__all_context__series_mean.pt,46,pretrained,2,all_context,series_mean,-1.2928715638874548,0.7524235023481067,0.6011283548228236,-15510.53474934145,61.88706310760197,59.546033609876886,288.0
42,fev,entsoe_30T,coordination,seed_42/toto_dynamic_probes/artifacts/coordination__layer_4__all_context__series_mean.pt,42,pretrained,4,all_context,series_mean,-4.8016397595460765,0.7569685975870768,0.7046993992136564,-38940.86818598609,62.01701732687636,58.434039523656594,288.0
43,fev,entsoe_30T,coordination,seed_43/toto_dynamic_probes/artifacts/coordination__layer_2__all_context__series_mean.pt,43,pretrained,2,all_context,series_mean,-0.1632341881275292,0.3389503314978052,0.2748833040234443,-57506.50713156721,75.36414127933836,72.33423130489884,288.0
44,fev,entsoe_30T,coordination,seed_44/toto_dynamic_probes/artifacts/coordination__layer_3__all_context__series_mean.pt,44,pretrained,3,all_context,series_mean,-3.6074106833772177,0.6745760942993897,0.6183856756888098,-32464.19426620911,56.625426619783674,52.68763925256293,288.0
45,fev,entsoe_30T,coordination,seed_45/toto_dynamic_probes/artifacts/coordination__layer_4__all_context__series_mean.pt,45,pretrained,4,all_context,series_mean,-8.119990979317665,0.9490731530336068,0.86412748701354,-60455.35540241982,77.27223346349273,74.48670765163017,288.0
46,fev,entsoe_30T,coordination,seed_46/toto_dynamic_probes/artifacts/coordination__layer_2__all_context__series_mean.pt,46,pretrained,2,all_context,series_mean,-1.4055530489058992,0.48742741645469,0.4270727885603601,-38427.26846088923,61.60669232597288,57.20734931470708,288.0
42,fev,epf_be,coordination,seed_42/toto_dynamic_probes/artifacts/coordination__layer_4__all_context__series_mean.pt,42,pretrained,4,all_context,series_mean,-1.5199937025388697,0.7483305423168249,0.6433267727440972,-2.0480295281377896,0.8230066191360378,0.5572090653988785,48.0
43,fev,epf_be,coordination,seed_43/toto_dynamic_probes/artifacts/coordination__layer_2__all_context__series_mean.pt,43,pretrained,2,all_context,series_mean,-0.1688459205210564,0.5096504075281095,0.4527100355804398,-5.363101535319724,1.189126807117047,0.9818348617972807,48.0
44,fev,epf_be,coordination,seed_44/toto_dynamic_probes/artifacts/coordination__layer_3__all_context__series_mean.pt,44,pretrained,3,all_context,series_mean,0.0067805566551352,0.4698036098780153,0.3936362971311537,-7.696347567204725,1.3901516757537828,1.1439448159818095,48.0
45,fev,epf_be,coordination,seed_45/toto_dynamic_probes/artifacts/coordination__layer_4__all_context__series_mean.pt,45,pretrained,4,all_context,series_mean,-1.1070177829974766,0.6842705415253818,0.5862784746549695,-6.474786762921845,1.2888226119578068,1.1298113778757688,48.0
46,fev,epf_be,coordination,seed_46/toto_dynamic_probes/artifacts/coordination__layer_2__all_context__series_mean.pt,46,pretrained,2,all_context,series_mean,-0.295112158034805,0.5364724613486813,0.4626924495165267,-13.320153549044758,1.783887985337692,1.5828154896808602,48.0
42,fev,epf_de,coordination,seed_42/toto_dynamic_probes/artifacts/coordination__layer_4__all_context__series_mean.pt,42,pretrained,4,all_context,series_mean,-2.894175624118081,0.9302539228163078,0.74820751189317,-0.5264452239074615,0.5824174188305271,0.4291405564277809,48.0
43,fev,epf_de,coordination,seed_43/toto_dynamic_probes/artifacts/coordination__layer_2__all_context__series_mean.pt,43,pretrained,2,all_context,series_mean,-1.6393384058591822,0.7658457062270996,0.6292457792077861,-10.789820904340376,1.618629111614062,1.5446524921514957,48.0
44,fev,epf_de,coordination,seed_44/toto_dynamic_probes/artifacts/coordination__layer_3__all_context__series_mean.pt,44,pretrained,3,all_context,series_mean,-0.7676664220766352,0.626749360160403,0.5495606081597199,0.3856970633240342,0.3694749838700452,0.3522176408456885,48.0
45,fev,epf_de,coordination,seed_45/toto_dynamic_probes/artifacts/coordination__layer_4__all_context__series_mean.pt,45,pretrained,4,all_context,series_mean,-1.9671488293501005,0.8120137970023936,0.6456037778674063,-10.578865061892431,1.604082642779039,1.5459988877992756,48.0
46,fev,epf_de,coordination,seed_46/toto_dynamic_probes/artifacts/coordination__layer_2__all_context__series_mean.pt,46,pretrained,2,all_context,series_mean,-2.951121773938048,0.9370309818117658,0.6897148012140021,-0.3963598590472139,0.5570477456191533,0.4652942677816298,48.0
42,fev,epf_fr,coordination,seed_42/toto_dynamic_probes/artifacts/coordination__layer_4__all_context__series_mean.pt,42,pretrained,4,all_context,series_mean,-2.465841792066241,0.8776030223874628,0.7308484448661826,-2.1913783353687672,0.8421372724428624,0.6598093187919393,48.0
43,fev,epf_fr,coordination,seed_43/toto_dynamic_probes/artifacts/coordination__layer_2__all_context__series_mean.pt,43,pretrained,2,all_context,series_mean,-0.0473161873068341,0.4824281609863067,0.4254461031900722,-5.420601519459456,1.1944874790711109,0.9855953468828608,48.0
44,fev,epf_fr,coordination,seed_44/toto_dynamic_probes/artifacts/coordination__layer_3__all_context__series_mean.pt,44,pretrained,3,all_context,series_mean,-1.01559427459702,0.6692606658091732,0.5489965215143169,-6.8158499227012,1.3178981517469568,0.9642988570526462,48.0
45,fev,epf_fr,coordination,seed_45/toto_dynamic_probes/artifacts/coordination__layer_4__all_context__series_mean.pt,45,pretrained,4,all_context,series_mean,-1.3004743076243486,0.7149940648742554,0.6055509613935878,-6.748053557046553,1.3121698363183325,1.1485391859945369,48.0
46,fev,epf_fr,coordination,seed_46/toto_dynamic_probes/artifacts/coordination__layer_2__all_context__series_mean.pt,46,pretrained,2,all_context,series_mean,-0.3353766161064835,0.5447479776325692,0.4654982796166247,-11.377942040195204,1.6585095075730034,1.352932697476298,48.0
42,fev,epf_np,coordination,seed_42/toto_dynamic_probes/artifacts/coordination__layer_4__all_context__series_mean.pt,42,pretrained,4,all_context,series_mean,0.0,1.1928285640701368,1.1127766175877862,0.0,0.5122305396571427,0.5006206963507673,48.0
43,fev,epf_np,coordination,seed_43/toto_dynamic_probes/artifacts/coordination__layer_2__all_context__series_mean.pt,43,pretrained,2,all_context,series_mean,0.0,0.6771489628840381,0.6177567126592028,0.0,0.4000162473638039,0.3730748929957126,48.0
44,fev,epf_np,coordination,seed_44/toto_dynamic_probes/artifacts/coordination__layer_3__all_context__series_mean.pt,44,pretrained,3,all_context,series_mean,0.0,0.7150038551683298,0.6190983815228153,0.0,1.1019320030601434,1.089347642276491,48.0
45,fev,epf_np,coordination,seed_45/toto_dynamic_probes/artifacts/coordination__layer_4__all_context__series_mean.pt,45,pretrained,4,all_context,series_mean,0.0,0.5530272353774967,0.4418284959367855,0.0,0.5931938389703554,0.5788437666918799,48.0
46,fev,epf_np,coordination,seed_46/toto_dynamic_probes/artifacts/coordination__layer_2__all_context__series_mean.pt,46,pretrained,2,all_context,series_mean,0.0,0.9788055406582784,0.9093831950512836,0.0,1.4265221546203584,1.411072365253843,48.0
42,fev,epf_pjm,coordination,seed_42/toto_dynamic_probes/artifacts/coordination__layer_4__all_context__series_mean.pt,42,pretrained,4,all_context,series_mean,0.0,0.5840017757417506,0.4416726789781391,0.0,1.0054557810896616,1.003815526987189,48.0
43,fev,epf_pjm,coordination,seed_43/toto_dynamic_probes/artifacts/coordination__layer_2__all_context__series_mean.pt,43,pretrained,2,all_context,series_mean,0.0,0.5082291475081204,0.4582215638236715,0.0,0.2757597916923029,0.2449810434480992,48.0
44,fev,epf_pjm,coordination,seed_44/toto_dynamic_probes/artifacts/coordination__layer_3__all_context__series_mean.pt,44,pretrained,3,all_context,series_mean,0.0,0.4288865196754333,0.3539780597154093,0.0,1.4960253311912668,1.4947337548824116,48.0
45,fev,epf_pjm,coordination,seed_45/toto_dynamic_probes/artifacts/coordination__layer_4__all_context__series_mean.pt,45,pretrained,4,all_context,series_mean,0.0,0.4411833165938166,0.3158196686565582,0.0,0.1936582048487559,0.1890230554438431,48.0
46,fev,epf_pjm,coordination,seed_46/toto_dynamic_probes/artifacts/coordination__layer_2__all_context__series_mean.pt,46,pretrained,2,all_context,series_mean,0.0,0.2976722984938066,0.2231342472637839,0.0,1.7622740116838067,1.7595801069805692,48.0
42,fev,rohlik_sales_1D,coordination,seed_42/toto_dynamic_probes/artifacts/coordination__layer_4__all_context__series_mean.pt,42,pretrained,4,all_context,series_mean,0.0,0.5519415813838487,0.4974595147496193,0.0,1.8288913491875904,1.474813163114046,48.0
43,fev,rohlik_sales_1D,coordination,seed_43/toto_dynamic_probes/artifacts/coordination__layer_2__all_context__series_mean.pt,43,pretrained,2,all_context,series_mean,0.0,0.3469150847559396,0.3010046436256214,0.0,5.962661126298102,5.674420329385792,48.0
44,fev,rohlik_sales_1D,coordination,seed_44/toto_dynamic_probes/artifacts/coordination__layer_3__all_context__series_mean.pt,44,pretrained,3,all_context,series_mean,0.0,0.3166014359869309,0.250158518131608,0.0,5.351857968413222,5.286852951031092,48.0
45,fev,rohlik_sales_1D,coordination,seed_45/toto_dynamic_probes/artifacts/coordination__layer_4__all_context__series_mean.pt,45,pretrained,4,all_context,series_mean,0.0,0.5152203182281476,0.4447032099426058,0.0,6.056715809823604,5.867433957979398,48.0
46,fev,rohlik_sales_1D,coordination,seed_46/toto_dynamic_probes/artifacts/coordination__layer_2__all_context__series_mean.pt,46,pretrained,2,all_context,series_mean,0.0,0.3040864514769489,0.2464233652700105,0.0,7.682826850022713,7.650285607906189,48.0
42,fev,solar_with_weather_15T,coordination,seed_42/toto_dynamic_probes/artifacts/coordination__layer_4__all_context__series_mean.pt,42,pretrained,4,all_context,series_mean,0.0,0.3219491987856405,0.2786547030052433,0.0,47.618062863888774,36.49891152179843,32.0
43,fev,solar_with_weather_15T,coordination,seed_43/toto_dynamic_probes/artifacts/coordination__layer_2__all_context__series_mean.pt,43,pretrained,2,all_context,series_mean,0.0,0.3785249187157459,0.3309909561771094,0.0,57.00265041760153,43.86168973923261,32.0
44,fev,solar_with_weather_15T,coordination,seed_44/toto_dynamic_probes/artifacts/coordination__layer_3__all_context__series_mean.pt,44,pretrained,3,all_context,series_mean,0.0,0.3565749481741336,0.3264570542097613,0.0,43.90269252972913,33.754067789562896,32.0
45,fev,solar_with_weather_15T,coordination,seed_45/toto_dynamic_probes/artifacts/coordination__layer_4__all_context__series_mean.pt,45,pretrained,4,all_context,series_mean,0.0,0.3561811403279575,0.2920146522033342,0.0,53.44597464296257,40.536838754860426,32.0
46,fev,solar_with_weather_15T,coordination,seed_46/toto_dynamic_probes/artifacts/coordination__layer_2__all_context__series_mean.pt,46,pretrained,2,all_context,series_mean,0.0,0.2796005691657636,0.2057948300454995,0.0,48.66509153417117,36.9769354601445,32.0
42,fev,solar_with_weather_1H,coordination,seed_42/toto_dynamic_probes/artifacts/coordination__layer_4__all_context__series_mean.pt,42,pretrained,4,all_context,series_mean,0.0,0.2841118237969425,0.2223589336627147,0.0,56.4367803016095,53.272084669494994,48.0
43,fev,solar_with_weather_1H,coordination,seed_43/toto_dynamic_probes/artifacts/coordination__layer_2__all_context__series_mean.pt,43,pretrained,2,all_context,series_mean,0.0,0.3027270365843634,0.2660571849316293,0.0,68.7685315039925,65.26651063170682,48.0
44,fev,solar_with_weather_1H,coordination,seed_44/toto_dynamic_probes/artifacts/coordination__layer_3__all_context__series_mean.pt,44,pretrained,3,all_context,series_mean,0.0,0.4150432437834083,0.3140000532899996,0.0,51.76395240530142,49.11963594329334,48.0
45,fev,solar_with_weather_1H,coordination,seed_45/toto_dynamic_probes/artifacts/coordination__layer_4__all_context__series_mean.pt,45,pretrained,4,all_context,series_mean,0.0,0.2804396213153755,0.2285593486982923,0.0,69.41081184225018,64.78733895643133,48.0
46,fev,solar_with_weather_1H,coordination,seed_46/toto_dynamic_probes/artifacts/coordination__layer_2__all_context__series_mean.pt,46,pretrained,2,all_context,series_mean,0.0,0.2415786444110963,0.1843224123874663,0.0,55.90953261201351,52.41998295749596,48.0
42,fev,entsoe_15T,current_burstiness,seed_42/toto_dynamic_probes/artifacts/current_burstiness__layer_6__all_context__series_mean.pt,42,pretrained,6,all_context,series_mean,-24654408.691746928,995.4882038869166,991.4914483295328,-24935627.97864091,1001.1495986791144,1001.1495786044331,288.0
43,fev,entsoe_15T,current_burstiness,seed_43/toto_dynamic_probes/artifacts/current_burstiness__layer_11__all_context__series_mean.pt,43,pretrained,11,all_context,series_mean,-24594481.652082138,994.277609969832,992.1680681832424,-24935627.97864091,1001.1495986791144,1001.1495786044331,288.0
44,fev,entsoe_15T,current_burstiness,seed_44/toto_dynamic_probes/artifacts/current_burstiness__layer_7__all_context__series_mean.pt,44,pretrained,7,all_context,series_mean,-24486892.97366317,992.100490397432,988.9405519560912,-24935627.97864091,1001.1495986791144,1001.1495786044331,288.0
45,fev,entsoe_15T,current_burstiness,seed_45/toto_dynamic_probes/artifacts/current_burstiness__layer_7__all_context__series_mean.pt,45,pretrained,7,all_context,series_mean,-24627575.11809051,994.9463174915264,992.9217109004672,-24935627.97864091,1001.1495986791144,1001.1495786044331,288.0
46,fev,entsoe_15T,current_burstiness,seed_46/toto_dynamic_probes/artifacts/current_burstiness__layer_11__all_context__series_mean.pt,46,pretrained,11,all_context,series_mean,-24521258.54819304,992.7964167492728,989.8052323673516,-24935627.97864091,1001.1495986791144,1001.1495786044331,288.0
42,fev,entsoe_1H,current_burstiness,seed_42/toto_dynamic_probes/artifacts/current_burstiness__layer_6__all_context__series_mean.pt,42,pretrained,6,all_context,series_mean,-11192409.416116398,996.9380500090348,995.2585402645352,-11292536.93856389,1001.3874347400872,1001.3873904016284,288.0
43,fev,entsoe_1H,current_burstiness,seed_43/toto_dynamic_probes/artifacts/current_burstiness__layer_11__all_context__series_mean.pt,43,pretrained,11,all_context,series_mean,-11067394.400787728,991.354703703252,986.5253749280204,-11292536.93856389,1001.3874347400872,1001.3873904016284,288.0
44,fev,entsoe_1H,current_burstiness,seed_44/toto_dynamic_probes/artifacts/current_burstiness__layer_7__all_context__series_mean.pt,44,pretrained,7,all_context,series_mean,-11178706.90323026,996.3276033055696,994.6536787362304,-11292536.93856389,1001.3874347400872,1001.3873904016284,288.0
45,fev,entsoe_1H,current_burstiness,seed_45/toto_dynamic_probes/artifacts/current_burstiness__layer_7__all_context__series_mean.pt,45,pretrained,7,all_context,series_mean,-11134624.04905899,994.3611707527872,991.7396408461698,-11292536.93856389,1001.3874347400872,1001.3873904016284,288.0
46,fev,entsoe_1H,current_burstiness,seed_46/toto_dynamic_probes/artifacts/current_burstiness__layer_11__all_context__series_mean.pt,46,pretrained,11,all_context,series_mean,-11132700.42829713,994.2752739936066,991.2749567381774,-11292536.93856389,1001.3874347400872,1001.3873904016284,288.0
42,fev,entsoe_30T,current_burstiness,seed_42/toto_dynamic_probes/artifacts/current_burstiness__layer_6__all_context__series_mean.pt,42,pretrained,6,all_context,series_mean,-10673495.607024584,996.1879129842667,994.22888101568,-10783220.502157612,1001.295289300897,1001.2952428725032,288.0
43,fev,entsoe_30T,current_burstiness,seed_43/toto_dynamic_probes/artifacts/current_burstiness__layer_11__all_context__series_mean.pt,43,pretrained,11,all_context,series_mean,-10645839.770571534,994.8964768003368,992.289799111178,-10783220.502157612,1001.295289300897,1001.2952428725032,288.0
44,fev,entsoe_30T,current_burstiness,seed_44/toto_dynamic_probes/artifacts/current_burstiness__layer_7__all_context__series_mean.pt,44,pretrained,7,all_context,series_mean,-10693744.7041092,997.132418255058,996.5840144837626,-10783220.502157612,1001.295289300897,1001.2952428725032,288.0
45,fev,entsoe_30T,current_burstiness,seed_45/toto_dynamic_probes/artifacts/current_burstiness__layer_7__all_context__series_mean.pt,45,pretrained,7,all_context,series_mean,-10493343.10576824,987.7450620783966,983.0843491577484,-10783220.502157612,1001.295289300897,1001.2952428725032,288.0
46,fev,entsoe_30T,current_burstiness,seed_46/toto_dynamic_probes/artifacts/current_burstiness__layer_11__all_context__series_mean.pt,46,pretrained,11,all_context,series_mean,-10734828.644167367,999.046006741228,999.0455764772164,-10783220.502157612,1001.295289300897,1001.2952428725032,288.0
42,fev,epf_be,current_burstiness,seed_42/toto_dynamic_probes/artifacts/current_burstiness__layer_6__all_context__series_mean.pt,42,pretrained,6,all_context,series_mean,-4572896.792638704,981.584525229481,972.974229871989,-4764842.423978583,1001.9735857643204,1001.9734806219736,48.0
43,fev,epf_be,current_burstiness,seed_43/toto_dynamic_probes/artifacts/current_burstiness__layer_11__all_context__series_mean.pt,43,pretrained,11,all_context,series_mean,-4753709.471428041,1000.8023565311128,1000.8006257563828,-4764842.423978583,1001.9735857643204,1001.9734806219736,48.0
44,fev,epf_be,current_burstiness,seed_44/toto_dynamic_probes/artifacts/current_burstiness__layer_7__all_context__series_mean.pt,44,pretrained,7,all_context,series_mean,-4649737.250006956,989.7971717827268,984.536079101386,-4764842.423978583,1001.9735857643204,1001.9734806219736,48.0
45,fev,epf_be,current_burstiness,seed_45/toto_dynamic_probes/artifacts/current_burstiness__layer_7__all_context__series_mean.pt,45,pretrained,7,all_context,series_mean,-4639706.098480937,988.728921737464,982.8654243798386,-4764842.423978583,1001.9735857643204,1001.9734806219736,48.0
46,fev,epf_be,current_burstiness,seed_46/toto_dynamic_probes/artifacts/current_burstiness__layer_11__all_context__series_mean.pt,46,pretrained,11,all_context,series_mean,-4733331.876950882,998.654997410276,998.6240985364252,-4764842.423978583,1001.9735857643204,1001.9734806219736,48.0
42,fev,epf_de,current_burstiness,seed_42/toto_dynamic_probes/artifacts/current_burstiness__layer_6__all_context__series_mean.pt,42,pretrained,6,all_context,series_mean,-1094445.210320489,999.8129778403892,999.8087149063746,-1100919.5154813428,1002.7658636991688,1002.7654082775116,48.0
43,fev,epf_de,current_burstiness,seed_43/toto_dynamic_probes/artifacts/current_burstiness__layer_11__all_context__series_mean.pt,43,pretrained,11,all_context,series_mean,-1095980.7625039506,1000.5141209639456,1000.50997270147,-1100919.5154813428,1002.7658636991688,1002.7654082775116,48.0
44,fev,epf_de,current_burstiness,seed_44/toto_dynamic_probes/artifacts/current_burstiness__layer_7__all_context__series_mean.pt,44,pretrained,7,all_context,series_mean,-1094380.693346025,999.7835082061522,999.779251217842,-1100919.5154813428,1002.7658636991688,1002.7654082775116,48.0
45,fev,epf_de,current_burstiness,seed_45/toto_dynamic_probes/artifacts/current_burstiness__layer_7__all_context__series_mean.pt,45,pretrained,7,all_context,series_mean,-1093259.3640441112,999.2711760507962,999.267161220312,-1100919.5154813428,1002.7658636991688,1002.7654082775116,48.0
46,fev,epf_de,current_burstiness,seed_46/toto_dynamic_probes/artifacts/current_burstiness__layer_11__all_context__series_mean.pt,46,pretrained,11,all_context,series_mean,-1078525.6371251354,992.5148117108052,990.113429894834,-1100919.5154813428,1002.7658636991688,1002.7654082775116,48.0
42,fev,epf_fr,current_burstiness,seed_42/toto_dynamic_probes/artifacts/current_burstiness__layer_6__all_context__series_mean.pt,42,pretrained,6,all_context,series_mean,-10554076.222231535,998.8391265900756,998.7576131785564,-10612686.751082037,1001.6087404710224,1001.6086932818096,48.0
43,fev,epf_fr,current_burstiness,seed_43/toto_dynamic_probes/artifacts/current_burstiness__layer_11__all_context__series_mean.pt,43,pretrained,11,all_context,series_mean,-10184111.385955472,981.1761976597652,970.2635783998852,-10612686.751082037,1001.6087404710224,1001.6086932818096,48.0
44,fev,epf_fr,current_burstiness,seed_44/toto_dynamic_probes/artifacts/current_burstiness__layer_7__all_context__series_mean.pt,44,pretrained,7,all_context,series_mean,-10571972.600878865,999.6856255978016,999.6843338012696,-10612686.751082037,1001.6087404710224,1001.6086932818096,48.0
45,fev,epf_fr,current_burstiness,seed_45/toto_dynamic_probes/artifacts/current_burstiness__layer_7__all_context__series_mean.pt,45,pretrained,7,all_context,series_mean,-10559947.176893909,999.1169018902756,999.1159506092469,-10612686.751082037,1001.6087404710224,1001.6086932818096,48.0
46,fev,epf_fr,current_burstiness,seed_46/toto_dynamic_probes/artifacts/current_burstiness__layer_11__all_context__series_mean.pt,46,pretrained,11,all_context,series_mean,-10406970.309708051,991.8536391665544,988.872678224278,-10612686.751082037,1001.6087404710224,1001.6086932818096,48.0
42,fev,epf_np,current_burstiness,seed_42/toto_dynamic_probes/artifacts/current_burstiness__layer_6__all_context__series_mean.pt,42,pretrained,6,all_context,series_mean,-552921.3759439798,1000.434029505646,1000.4267903168997,-556411.5125266669,1003.5865142931684,1003.5856124560038,48.0
43,fev,epf_np,current_burstiness,seed_43/toto_dynamic_probes/artifacts/current_burstiness__layer_11__all_context__series_mean.pt,43,pretrained,11,all_context,series_mean,-542283.6251865492,990.7635457053792,981.18892328746,-556411.5125266669,1003.5865142931684,1003.5856124560038,48.0
44,fev,epf_np,current_burstiness,seed_44/toto_dynamic_probes/artifacts/current_burstiness__layer_7__all_context__series_mean.pt,44,pretrained,7,all_context,series_mean,-552250.3429245126,999.826776026464,999.8194576501846,-556411.5125266669,1003.5865142931684,1003.5856124560038,48.0
45,fev,epf_np,current_burstiness,seed_45/toto_dynamic_probes/artifacts/current_burstiness__layer_7__all_context__series_mean.pt,45,pretrained,7,all_context,series_mean,-535175.7628571369,984.249033722758,976.6075061539668,-556411.5125266669,1003.5865142931684,1003.5856124560038,48.0
46,fev,epf_np,current_burstiness,seed_46/toto_dynamic_probes/artifacts/current_burstiness__layer_11__all_context__series_mean.pt,46,pretrained,11,all_context,series_mean,-542616.4457567506,991.0675335873448,986.394647587856,-556411.5125266669,1003.5865142931684,1003.5856124560038,48.0
42,fev,epf_pjm,current_burstiness,seed_42/toto_dynamic_probes/artifacts/current_burstiness__layer_6__all_context__series_mean.pt,42,pretrained,6,all_context,series_mean,-1796085.5326310785,1000.8200704276576,1000.8162043988704,-1803204.409926242,1002.8015087696052,1002.801230708758,48.0
43,fev,epf_pjm,current_burstiness,seed_43/toto_dynamic_probes/artifacts/current_burstiness__layer_11__all_context__series_mean.pt,43,pretrained,11,all_context,series_mean,-1800419.880316812,1002.0269410752776,1002.0247930337986,-1803204.409926242,1002.8015087696052,1002.801230708758,48.0
44,fev,epf_pjm,current_burstiness,seed_44/toto_dynamic_probes/artifacts/current_burstiness__layer_7__all_context__series_mean.pt,44,pretrained,7,all_context,series_mean,-1711916.6337049317,977.0882947579188,962.6047086308404,-1803204.409926242,1002.8015087696052,1002.801230708758,48.0
45,fev,epf_pjm,current_burstiness,seed_45/toto_dynamic_probes/artifacts/current_burstiness__layer_7__all_context__series_mean.pt,45,pretrained,7,all_context,series_mean,-1789794.5632177102,999.0657976753934,999.0620317558448,-1803204.409926242,1002.8015087696052,1002.801230708758,48.0
46,fev,epf_pjm,current_burstiness,seed_46/toto_dynamic_probes/artifacts/current_burstiness__layer_11__all_context__series_mean.pt,46,pretrained,11,all_context,series_mean,-1757586.8484941528,990.0357987079334,982.5262137306748,-1803204.409926242,1002.8015087696052,1002.801230708758,48.0
42,fev,rohlik_sales_1D,current_burstiness,seed_42/toto_dynamic_probes/artifacts/current_burstiness__layer_6__all_context__series_mean.pt,42,pretrained,6,all_context,series_mean,-50964070.96670326,999.5125952596064,999.5121514548858,-51121122.99222061,1001.051470812082,1001.0514610211054,48.0
43,fev,rohlik_sales_1D,current_burstiness,seed_43/toto_dynamic_probes/artifacts/current_burstiness__layer_11__all_context__series_mean.pt,43,pretrained,11,all_context,series_mean,-49812559.88068414,988.1563045109154,985.7180064602038,-51121122.99222061,1001.051470812082,1001.0514610211054,48.0
44,fev,rohlik_sales_1D,current_burstiness,seed_44/toto_dynamic_probes/artifacts/current_burstiness__layer_7__all_context__series_mean.pt,44,pretrained,7,all_context,series_mean,-51003922.40377041,999.9033041268278,999.9027462154628,-51121122.99222061,1001.051470812082,1001.0514610211054,48.0
45,fev,rohlik_sales_1D,current_burstiness,seed_45/toto_dynamic_probes/artifacts/current_burstiness__layer_7__all_context__series_mean.pt,45,pretrained,7,all_context,series_mean,-49682490.20679103,986.865333127374,982.8055308720918,-51121122.99222061,1001.051470812082,1001.0514610211054,48.0
46,fev,rohlik_sales_1D,current_burstiness,seed_46/toto_dynamic_probes/artifacts/current_burstiness__layer_11__all_context__series_mean.pt,46,pretrained,11,all_context,series_mean,-49916988.18827404,989.1915600970308,982.6035112799576,-51121122.99222061,1001.051470812082,1001.0514610211054,48.0
42,fev,solar_with_weather_15T,current_burstiness,seed_42/toto_dynamic_probes/artifacts/current_burstiness__layer_6__all_context__series_mean.pt,42,pretrained,6,all_context,series_mean,-1.803690013558462,816543483.9770055,654930676.0653099,-1.803695354725424,816544261.7543242,654931552.0,32.0
43,fev,solar_with_weather_15T,current_burstiness,seed_43/toto_dynamic_probes/artifacts/current_burstiness__layer_11__all_context__series_mean.pt,43,pretrained,11,all_context,series_mean,-1.8036876053301296,816543133.2920928,654930052.0,-1.803695354725424,816544261.7543242,654931552.0,32.0
44,fev,solar_with_weather_15T,current_burstiness,seed_44/toto_dynamic_probes/artifacts/current_burstiness__layer_7__all_context__series_mean.pt,44,pretrained,7,all_context,series_mean,-1.8036906213849524,816543572.4883478,654930685.9693959,-1.803695354725424,816544261.7543242,654931552.0,32.0
45,fev,solar_with_weather_15T,current_burstiness,seed_45/toto_dynamic_probes/artifacts/current_burstiness__layer_7__all_context__series_mean.pt,45,pretrained,7,all_context,series_mean,-1.8036900819281805,816543493.9329648,654930719.2153686,-1.8036939479361451,816544056.8986405,654930552.0,32.0
46,fev,solar_with_weather_15T,current_burstiness,seed_46/toto_dynamic_probes/artifacts/current_burstiness__layer_11__all_context__series_mean.pt,46,pretrained,11,all_context,series_mean,-1.8036867446921565,816543007.9664181,654930164.4405053,-1.8036939479361451,816544056.8986405,654930552.0,32.0
42,fev,solar_with_weather_1H,current_burstiness,seed_42/toto_dynamic_probes/artifacts/current_burstiness__layer_6__all_context__series_mean.pt,42,pretrained,6,all_context,series_mean,-2.18313625533228,7977243816.026058,6606412230.0,-2.1831370520130906,7977244814.305139,6606413480.0,48.0
43,fev,solar_with_weather_1H,current_burstiness,seed_43/toto_dynamic_probes/artifacts/current_burstiness__layer_11__all_context__series_mean.pt,43,pretrained,11,all_context,series_mean,-2.1831363473879417,7977243931.376202,6606412687.335774,-2.1831370520130906,7977244814.305139,6606413480.0,48.0
44,fev,solar_with_weather_1H,current_burstiness,seed_44/toto_dynamic_probes/artifacts/current_burstiness__layer_7__all_context__series_mean.pt,44,pretrained,7,all_context,series_mean,-2.1831362918035766,7977243861.726336,6606412313.333333,-2.1831370520130906,7977244814.305139,6606413480.0,48.0
45,fev,solar_with_weather_1H,current_burstiness,seed_45/toto_dynamic_probes/artifacts/current_burstiness__layer_7__all_context__series_mean.pt,45,pretrained,7,all_context,series_mean,-2.183136110962263,7977243635.123523,6606411943.068795,-2.1831370189493806,7977244772.874734,6606412813.333333,48.0
46,fev,solar_with_weather_1H,current_burstiness,seed_46/toto_dynamic_probes/artifacts/current_burstiness__layer_11__all_context__series_mean.pt,46,pretrained,11,all_context,series_mean,-2.183136061876366,7977243573.616545,6606412257.499179,-2.1831370520130906,7977244814.305139,6606413480.0,48.0
42,fev,entsoe_15T,current_sparsity,seed_42/toto_dynamic_probes/artifacts/current_sparsity__layer_-1__all_context__series_mean.pt,42,pretrained,-1,all_context,series_mean,0.0,0.01763599475547,0.0176156517633225,0.0,0.0006735874102378,0.0006671427447152,288.0
43,fev,entsoe_15T,current_sparsity,seed_43/toto_dynamic_probes/artifacts/current_sparsity__layer_-1__all_context__series_mean.pt,43,pretrained,-1,all_context,series_mean,0.0,0.0240247091479424,0.0239585737618539,0.0,0.0014345287474766,0.0014093289822185,288.0
44,fev,entsoe_15T,current_sparsity,seed_44/toto_dynamic_probes/artifacts/current_sparsity__layer_9__all_context__series_mean.pt,44,pretrained,9,all_context,series_mean,0.0,0.0137015583204563,0.010519341581391,0.0,0.0004010154031942,0.000399591283558,288.0
45,fev,entsoe_15T,current_sparsity,seed_45/toto_dynamic_probes/artifacts/current_sparsity__layer_11__all_context__series_mean.pt,45,pretrained,11,all_context,series_mean,0.0,0.0452196496320175,0.036315367176233,0.0,0.000267236227858,0.0002643772395974,288.0
46,fev,entsoe_15T,current_sparsity,seed_46/toto_dynamic_probes/artifacts/current_sparsity__layer_11__all_context__series_mean.pt,46,pretrained,11,all_context,series_mean,0.0,0.0241980567947539,0.0186380593525692,0.0,0.0002596616650641,0.0002592954129547,288.0
42,fev,entsoe_1H,current_sparsity,seed_42/toto_dynamic_probes/artifacts/current_sparsity__layer_-1__all_context__series_mean.pt,42,pretrained,-1,all_context,series_mean,0.0,0.0178018262295109,0.0177646384169188,0.0,0.0006888859423023,0.0006863294301952,288.0
43,fev,entsoe_1H,current_sparsity,seed_43/toto_dynamic_probes/artifacts/current_sparsity__layer_-1__all_context__series_mean.pt,43,pretrained,-1,all_context,series_mean,0.0,0.0240210524511863,0.0239208366721078,0.0,0.0014750253673183,0.001466048841208,288.0
44,fev,entsoe_1H,current_sparsity,seed_44/toto_dynamic_probes/artifacts/current_sparsity__layer_9__all_context__series_mean.pt,44,pretrained,9,all_context,series_mean,0.0,0.0160361363466204,0.0128836985924978,0.0,0.0004075418642625,0.0004070806976644,288.0
45,fev,entsoe_1H,current_sparsity,seed_45/toto_dynamic_probes/artifacts/current_sparsity__layer_11__all_context__series_mean.pt,45,pretrained,11,all_context,series_mean,0.0,0.0482375589761592,0.0404482654209181,0.0,0.000274188386876,0.0002732864616105,288.0
46,fev,entsoe_1H,current_sparsity,seed_46/toto_dynamic_probes/artifacts/current_sparsity__layer_11__all_context__series_mean.pt,46,pretrained,11,all_context,series_mean,0.0,0.035252413157422,0.0282772031740231,0.0,0.0002621017352976,0.0002619382470706,288.0
42,fev,entsoe_30T,current_sparsity,seed_42/toto_dynamic_probes/artifacts/current_sparsity__layer_-1__all_context__series_mean.pt,42,pretrained,-1,all_context,series_mean,0.0,0.0176548176132958,0.0176173963158281,0.0,0.0006787585271002,0.0006730226715463,288.0
43,fev,entsoe_30T,current_sparsity,seed_43/toto_dynamic_probes/artifacts/current_sparsity__layer_-1__all_context__series_mean.pt,43,pretrained,-1,all_context,series_mean,0.0,0.0239983924730506,0.0238546530907377,0.0,0.0014456074020551,0.0014229771648295,288.0
44,fev,entsoe_30T,current_sparsity,seed_44/toto_dynamic_probes/artifacts/current_sparsity__layer_9__all_context__series_mean.pt,44,pretrained,9,all_context,series_mean,0.0,0.0137491528454382,0.0111636661513843,0.0,0.0004033161106209,0.0004022098412547,288.0
45,fev,entsoe_30T,current_sparsity,seed_45/toto_dynamic_probes/artifacts/current_sparsity__layer_11__all_context__series_mean.pt,45,pretrained,11,all_context,series_mean,0.0,0.0354331187958274,0.0285657878513475,0.0,0.0002699689800984,0.0002678219933193,288.0
46,fev,entsoe_30T,current_sparsity,seed_46/toto_dynamic_probes/artifacts/current_sparsity__layer_11__all_context__series_mean.pt,46,pretrained,11,all_context,series_mean,0.0,0.0269503998419895,0.0206743338123161,0.0,0.0002603637511229,0.0002600176024403,288.0
42,fev,epf_be,current_sparsity,seed_42/toto_dynamic_probes/artifacts/current_sparsity__layer_-1__all_context__series_mean.pt,42,pretrained,-1,all_context,series_mean,0.0,0.0178152812970732,0.0177404799968415,0.0,5.5106551286856494e-05,5.489403954097097e-05,48.0
43,fev,epf_be,current_sparsity,seed_43/toto_dynamic_probes/artifacts/current_sparsity__layer_-1__all_context__series_mean.pt,43,pretrained,-1,all_context,series_mean,0.0,0.0236288426943541,0.0234430480492458,0.0,9.74682584416194e-05,9.70863545970424e-05,48.0
44,fev,epf_be,current_sparsity,seed_44/toto_dynamic_probes/artifacts/current_sparsity__layer_9__all_context__series_mean.pt,44,pretrained,9,all_context,series_mean,0.0,0.0090913421348159,0.0073650340131857,0.0,3.851954943409128e-05,3.835266935234687e-05,48.0
45,fev,epf_be,current_sparsity,seed_45/toto_dynamic_probes/artifacts/current_sparsity__layer_11__all_context__series_mean.pt,45,pretrained,11,all_context,series_mean,0.0,0.0315347818315269,0.0248135412608403,0.0,2.136907380723799e-05,2.128707004607257e-05,48.0
46,fev,epf_be,current_sparsity,seed_46/toto_dynamic_probes/artifacts/current_sparsity__layer_11__all_context__series_mean.pt,46,pretrained,11,all_context,series_mean,0.0,0.0229738719738021,0.0187803681769459,0.0,2.8014436913881457e-05,2.788860412135443e-05,48.0
42,fev,epf_de,current_sparsity,seed_42/toto_dynamic_probes/artifacts/current_sparsity__layer_-1__all_context__series_mean.pt,42,pretrained,-1,all_context,series_mean,0.0,0.0178017653689728,0.0177200621477635,0.0,4.3871599547711866e-05,4.368074818184483e-05,48.0
43,fev,epf_de,current_sparsity,seed_43/toto_dynamic_probes/artifacts/current_sparsity__layer_-1__all_context__series_mean.pt,43,pretrained,-1,all_context,series_mean,0.0,0.0248048599408559,0.0246059069942942,0.0,7.69281586342519e-05,7.678500805600198e-05,48.0
44,fev,epf_de,current_sparsity,seed_44/toto_dynamic_probes/artifacts/current_sparsity__layer_9__all_context__series_mean.pt,44,pretrained,9,all_context,series_mean,0.0,0.0127318663835026,0.0095540718458159,0.0,2.9796077233463715e-05,2.969605545495464e-05,48.0
45,fev,epf_de,current_sparsity,seed_45/toto_dynamic_probes/artifacts/current_sparsity__layer_11__all_context__series_mean.pt,45,pretrained,11,all_context,series_mean,0.0,0.0344761358239232,0.0265709755605296,0.0,1.698879432187276e-05,1.6924227866021817e-05,48.0
46,fev,epf_de,current_sparsity,seed_46/toto_dynamic_probes/artifacts/current_sparsity__layer_11__all_context__series_mean.pt,46,pretrained,11,all_context,series_mean,0.0,0.0276808051260511,0.0228938031997111,0.0,2.1482631109988825e-05,2.141038919093446e-05,48.0
42,fev,epf_fr,current_sparsity,seed_42/toto_dynamic_probes/artifacts/current_sparsity__layer_-1__all_context__series_mean.pt,42,pretrained,-1,all_context,series_mean,0.0,0.0177885049110252,0.0177323757515556,0.0,5.12524011745212e-05,5.0939955300382624e-05,48.0
43,fev,epf_fr,current_sparsity,seed_43/toto_dynamic_probes/artifacts/current_sparsity__layer_-1__all_context__series_mean.pt,43,pretrained,-1,all_context,series_mean,0.0,0.0237373062345221,0.0235593387584191,0.0,9.288823520067332e-05,9.24773339253636e-05,48.0
44,fev,epf_fr,current_sparsity,seed_44/toto_dynamic_probes/artifacts/current_sparsity__layer_9__all_context__series_mean.pt,44,pretrained,9,all_context,series_mean,0.0,0.0154770999191806,0.0118246103777661,0.0,3.5776514250094884e-05,3.5523954654839825e-05,48.0
45,fev,epf_fr,current_sparsity,seed_45/toto_dynamic_probes/artifacts/current_sparsity__layer_11__all_context__series_mean.pt,45,pretrained,11,all_context,series_mean,0.0,0.0303830152645431,0.0255336220929919,0.0,1.9945136533468623e-05,1.9828720477125968e-05,48.0
46,fev,epf_fr,current_sparsity,seed_46/toto_dynamic_probes/artifacts/current_sparsity__layer_11__all_context__series_mean.pt,46,pretrained,11,all_context,series_mean,0.0,0.0289093032393869,0.0228920924722313,0.0,2.594488686078476e-05,2.5747626652170705e-05,48.0
42,fev,epf_np,current_sparsity,seed_42/toto_dynamic_probes/artifacts/current_sparsity__layer_-1__all_context__series_mean.pt,42,pretrained,-1,all_context,series_mean,0.0,0.017935983780154,0.0178468162020554,0.0,3.688893434941715e-05,3.636097778873688e-05,48.0
43,fev,epf_np,current_sparsity,seed_43/toto_dynamic_probes/artifacts/current_sparsity__layer_-1__all_context__series_mean.pt,43,pretrained,-1,all_context,series_mean,0.0,0.0247776375272188,0.02462873632943,0.0,6.373058571735464e-05,6.282644313992831e-05,48.0
44,fev,epf_np,current_sparsity,seed_44/toto_dynamic_probes/artifacts/current_sparsity__layer_9__all_context__series_mean.pt,44,pretrained,9,all_context,series_mean,0.0,0.0143161566301481,0.0113928961799322,0.0,2.6726262381224303e-05,2.637959743038524e-05,48.0
45,fev,epf_np,current_sparsity,seed_45/toto_dynamic_probes/artifacts/current_sparsity__layer_11__all_context__series_mean.pt,45,pretrained,11,all_context,series_mean,0.0,0.0270545260280446,0.0219173460502299,0.0,1.435767285587206e-05,1.4158889398447188e-05,48.0
46,fev,epf_np,current_sparsity,seed_46/toto_dynamic_probes/artifacts/current_sparsity__layer_11__all_context__series_mean.pt,46,pretrained,11,all_context,series_mean,0.0,0.0294497980296535,0.0223968503503868,0.0,1.9706984315096435e-05,1.9459039420143105e-05,48.0
42,fev,epf_pjm,current_sparsity,seed_42/toto_dynamic_probes/artifacts/current_sparsity__layer_-1__all_context__series_mean.pt,42,pretrained,-1,all_context,series_mean,0.0,0.0180477319672986,0.017913975530657,0.0,3.359038712036914e-05,3.305442707266538e-05,48.0
43,fev,epf_pjm,current_sparsity,seed_43/toto_dynamic_probes/artifacts/current_sparsity__layer_-1__all_context__series_mean.pt,43,pretrained,-1,all_context,series_mean,0.0,0.0235545102038717,0.0232279304896946,0.0,6.0056809720159896e-05,5.91217467405721e-05,48.0
44,fev,epf_pjm,current_sparsity,seed_44/toto_dynamic_probes/artifacts/current_sparsity__layer_9__all_context__series_mean.pt,44,pretrained,9,all_context,series_mean,0.0,0.0159075236803604,0.0115723513779254,0.0,2.381981490532376e-05,2.348022910466339e-05,48.0
45,fev,epf_pjm,current_sparsity,seed_45/toto_dynamic_probes/artifacts/current_sparsity__layer_11__all_context__series_mean.pt,45,pretrained,11,all_context,series_mean,0.0,0.0390247760824689,0.0300559195815461,0.0,1.3121718015535044e-05,1.2920136469701455e-05,48.0
46,fev,epf_pjm,current_sparsity,seed_46/toto_dynamic_probes/artifacts/current_sparsity__layer_11__all_context__series_mean.pt,46,pretrained,11,all_context,series_mean,0.0,0.0317221008390091,0.0252515709375276,0.0,1.7387510596177164e-05,1.7148139466025638e-05,48.0
42,fev,rohlik_sales_1D,current_sparsity,seed_42/toto_dynamic_probes/artifacts/current_sparsity__layer_-1__all_context__series_mean.pt,42,pretrained,-1,all_context,series_mean,0.0,0.0181747590313098,0.0180908851217679,0.0,0.0002867889607615,0.0002852643120631,48.0
43,fev,rohlik_sales_1D,current_sparsity,seed_43/toto_dynamic_probes/artifacts/current_sparsity__layer_-1__all_context__series_mean.pt,43,pretrained,-1,all_context,series_mean,0.0,0.026267798414319,0.0258943070875062,0.0,0.0004911774761595,0.0004894711216943,48.0
44,fev,rohlik_sales_1D,current_sparsity,seed_44/toto_dynamic_probes/artifacts/current_sparsity__layer_9__all_context__series_mean.pt,44,pretrained,9,all_context,series_mean,0.0,0.0057501103969779,0.0048681861903844,0.0,0.0001974754919313,0.0001965677138638,48.0
45,fev,rohlik_sales_1D,current_sparsity,seed_45/toto_dynamic_probes/artifacts/current_sparsity__layer_11__all_context__series_mean.pt,45,pretrained,11,all_context,series_mean,0.0,0.008528304790368,0.0066039088187169,0.0,0.0001099286304344,0.000109379548463,48.0
46,fev,rohlik_sales_1D,current_sparsity,seed_46/toto_dynamic_probes/artifacts/current_sparsity__layer_11__all_context__series_mean.pt,46,pretrained,11,all_context,series_mean,0.0,0.0077060078279712,0.0051795915722118,0.0,0.0001433587533004,0.0001427055817801,48.0
42,fev,solar_with_weather_15T,current_sparsity,seed_42/toto_dynamic_probes/artifacts/current_sparsity__layer_-1__all_context__series_mean.pt,42,pretrained,-1,all_context,series_mean,-71.97245716496455,0.8008492285077424,0.7954726178086082,0.999970035187322,0.0005131886703997,0.0004026710291152,32.0
43,fev,solar_with_weather_15T,current_sparsity,seed_43/toto_dynamic_probes/artifacts/current_sparsity__layer_-1__all_context__series_mean.pt,43,pretrained,-1,all_context,series_mean,-70.82047410788489,0.7945027600416704,0.7890165079872025,0.9998827143356052,0.0010152984953792,0.0007591326651755,32.0
44,fev,solar_with_weather_15T,current_sparsity,seed_44/toto_dynamic_probes/artifacts/current_sparsity__layer_9__all_context__series_mean.pt,44,pretrained,9,all_context,series_mean,-76.48081061232246,0.8252173574412777,0.8198137252566621,0.9999903955534474,0.0002905410143658,0.0002351858609062,32.0
45,fev,solar_with_weather_15T,current_sparsity,seed_45/toto_dynamic_probes/artifacts/current_sparsity__layer_11__all_context__series_mean.pt,45,pretrained,11,all_context,series_mean,-75.84834830912453,0.8218424035730115,0.815853901617135,0.9999947626836252,0.0002145485981101,0.0001788485506761,32.0
46,fev,solar_with_weather_15T,current_sparsity,seed_46/toto_dynamic_probes/artifacts/current_sparsity__layer_11__all_context__series_mean.pt,46,pretrained,11,all_context,series_mean,-75.67804843772188,0.8209312761109574,0.8161389221540096,0.9999953355473186,0.0002024751000637,0.0001697210463231,32.0
42,fev,solar_with_weather_1H,current_sparsity,seed_42/toto_dynamic_probes/artifacts/current_sparsity__layer_-1__all_context__series_mean.pt,42,pretrained,-1,all_context,series_mean,-58.217693657057865,0.5971741540501273,0.5921148362117788,0.9999349588919494,0.000625848512286,0.0005876996328255,48.0
43,fev,solar_with_weather_1H,current_sparsity,seed_43/toto_dynamic_probes/artifacts/current_sparsity__layer_-1__all_context__series_mean.pt,43,pretrained,-1,all_context,series_mean,-56.771270268912154,0.5898359201949623,0.5843855474153686,0.9997166028228948,0.0013063905148268,0.0011982795134432,48.0
44,fev,solar_with_weather_1H,current_sparsity,seed_44/toto_dynamic_probes/artifacts/current_sparsity__layer_9__all_context__series_mean.pt,44,pretrained,9,all_context,series_mean,-64.05799179555777,0.6259297376936471,0.6211326916846844,0.9999766109826274,0.0003753023179799,0.000352222549616,48.0
45,fev,solar_with_weather_1H,current_sparsity,seed_45/toto_dynamic_probes/artifacts/current_sparsity__layer_11__all_context__series_mean.pt,45,pretrained,11,all_context,series_mean,-60.670578571653245,0.6094165860744827,0.6052511563466524,0.9999883359854226,0.0002650325928771,0.0002508749404895,48.0
46,fev,solar_with_weather_1H,current_sparsity,seed_46/toto_dynamic_probes/artifacts/current_sparsity__layer_11__all_context__series_mean.pt,46,pretrained,11,all_context,series_mean,-64.69227813115793,0.6289736041640884,0.624290638837044,0.999989514870237,0.0002512824532155,0.0002380548013964,48.0
42,fev,entsoe_15T,future_burstiness,seed_42/toto_dynamic_probes/artifacts/future_burstiness__layer_6__all_context__series_mean.pt,42,pretrained,6,all_context,series_mean,-10382805.734404674,994.8345286817412,991.2079321124924,-10515211.852187917,1001.1577172404884,1001.1576696352828,288.0
43,fev,entsoe_15T,future_burstiness,seed_43/toto_dynamic_probes/artifacts/future_burstiness__layer_10__all_context__series_mean.pt,43,pretrained,10,all_context,series_mean,-10367687.894777369,994.1100026516248,992.925751074478,-10515211.852187917,1001.1577172404884,1001.1576696352828,288.0
44,fev,entsoe_15T,future_burstiness,seed_44/toto_dynamic_probes/artifacts/future_burstiness__layer_9__all_context__series_mean.pt,44,pretrained,9,all_context,series_mean,-10274365.504331894,989.6257614770684,983.3899077280522,-10515211.852187917,1001.1577172404884,1001.1576696352828,288.0
45,fev,entsoe_15T,future_burstiness,seed_45/toto_dynamic_probes/artifacts/future_burstiness__layer_11__all_context__series_mean.pt,45,pretrained,11,all_context,series_mean,-10354165.15672834,993.461474533982,990.8849180173725,-10470334.094879849,999.0190180520458,999.0187814550268,288.0
46,fev,entsoe_15T,future_burstiness,seed_46/toto_dynamic_probes/artifacts/future_burstiness__layer_11__all_context__series_mean.pt,46,pretrained,11,all_context,series_mean,-10385589.47046088,994.967882370199,993.319016198048,-10515211.852187917,1001.1577172404884,1001.1576696352828,288.0
42,fev,entsoe_1H,future_burstiness,seed_42/toto_dynamic_probes/artifacts/future_burstiness__layer_6__all_context__series_mean.pt,42,pretrained,6,all_context,series_mean,-14154558.3022252,998.0318476576888,997.6187887353158,-14249309.557240387,1001.3667110175948,1001.3666758802202,288.0
43,fev,entsoe_1H,future_burstiness,seed_43/toto_dynamic_probes/artifacts/future_burstiness__layer_10__all_context__series_mean.pt,43,pretrained,10,all_context,series_mean,-14205333.020985637,999.8202969459346,999.8193440056508,-14249309.557240387,1001.3667110175948,1001.3666758802202,288.0
44,fev,entsoe_1H,future_burstiness,seed_44/toto_dynamic_probes/artifacts/future_burstiness__layer_9__all_context__series_mean.pt,44,pretrained,9,all_context,series_mean,-14087698.742896274,995.671938290805,992.8235173600292,-14249309.557240387,1001.3667110175948,1001.3666758802202,288.0
45,fev,entsoe_1H,future_burstiness,seed_45/toto_dynamic_probes/artifacts/future_burstiness__layer_11__all_context__series_mean.pt,45,pretrained,11,all_context,series_mean,-14178674.545141738,998.8816987451168,998.6680242009348,-14171625.290041111,998.6333593533288,998.6333241197798,288.0
46,fev,entsoe_1H,future_burstiness,seed_46/toto_dynamic_probes/artifacts/future_burstiness__layer_11__all_context__series_mean.pt,46,pretrained,11,all_context,series_mean,-14188917.749200428,999.2424483001824,999.241766155594,-14249309.557240387,1001.3667110175948,1001.3666758802202,288.0
42,fev,entsoe_30T,future_burstiness,seed_42/toto_dynamic_probes/artifacts/future_burstiness__layer_6__all_context__series_mean.pt,42,pretrained,6,all_context,series_mean,-9942075.298637642,994.9457612022196,993.2265805809365,-10068983.967004104,1001.275769396544,1001.2757196757528,288.0
43,fev,entsoe_30T,future_burstiness,seed_43/toto_dynamic_probes/artifacts/future_burstiness__layer_10__all_context__series_mean.pt,43,pretrained,10,all_context,series_mean,-9973951.196570989,996.539462988974,995.8062841924948,-10068983.967004104,1001.275769396544,1001.2757196757528,288.0
44,fev,entsoe_30T,future_burstiness,seed_44/toto_dynamic_probes/artifacts/future_burstiness__layer_9__all_context__series_mean.pt,44,pretrained,9,all_context,series_mean,-9892651.785900207,992.4696697991589,988.7989168217066,-10068983.967004104,1001.275769396544,1001.2757196757528,288.0
45,fev,entsoe_30T,future_burstiness,seed_45/toto_dynamic_probes/artifacts/future_burstiness__layer_11__all_context__series_mean.pt,45,pretrained,11,all_context,series_mean,-10036393.312396578,999.6540229552554,999.5612282748352,-10017734.00772807,998.7243301720598,998.7242803242472,288.0
46,fev,entsoe_30T,future_burstiness,seed_46/toto_dynamic_probes/artifacts/future_burstiness__layer_11__all_context__series_mean.pt,46,pretrained,11,all_context,series_mean,-10018261.49856558,998.7506240897044,998.7162187386384,-10068983.967004104,1001.275769396544,1001.2757196757528,288.0
42,fev,epf_be,future_burstiness,seed_42/toto_dynamic_probes/artifacts/future_burstiness__layer_6__all_context__series_mean.pt,42,pretrained,6,all_context,series_mean,-13964408.716591489,999.40902916037,999.407584692041,-14030732.168095363,1001.7795460783108,1001.7795103788376,48.0
43,fev,epf_be,future_burstiness,seed_43/toto_dynamic_probes/artifacts/future_burstiness__layer_10__all_context__series_mean.pt,43,pretrained,10,all_context,series_mean,-13786318.401005808,993.015769848494,990.8136604179168,-14030732.168095363,1001.7795460783108,1001.7795103788376,48.0
44,fev,epf_be,future_burstiness,seed_44/toto_dynamic_probes/artifacts/future_burstiness__layer_9__all_context__series_mean.pt,44,pretrained,9,all_context,series_mean,-13770755.673497854,992.4551271858668,991.6333421815727,-14030732.168095363,1001.7795460783108,1001.7795103788376,48.0
45,fev,epf_be,future_burstiness,seed_45/toto_dynamic_probes/artifacts/future_burstiness__layer_11__all_context__series_mean.pt,45,pretrained,11,all_context,series_mean,-13324006.529325947,976.2238467534352,965.6124911318876,-10306146.66112583,858.5787941630276,821.3089483761269,48.0
46,fev,epf_be,future_burstiness,seed_46/toto_dynamic_probes/artifacts/future_burstiness__layer_11__all_context__series_mean.pt,46,pretrained,11,all_context,series_mean,-13969005.424437543,999.5735049035852,999.5719767610232,-14030732.168095363,1001.7795460783108,1001.7795103788376,48.0
42,fev,epf_de,future_burstiness,seed_42/toto_dynamic_probes/artifacts/future_burstiness__layer_6__all_context__series_mean.pt,42,pretrained,6,all_context,series_mean,-6913155.471363885,978.6745173049054,964.1698379269312,-7264366.056356788,1003.2264575851078,1003.2263885339102,48.0
43,fev,epf_de,future_burstiness,seed_43/toto_dynamic_probes/artifacts/future_burstiness__layer_10__all_context__series_mean.pt,43,pretrained,10,all_context,series_mean,-7105859.775693447,992.2210446402584,988.4305331588712,-7264366.056356788,1003.2264575851078,1003.2263885339102,48.0
44,fev,epf_de,future_burstiness,seed_44/toto_dynamic_probes/artifacts/future_burstiness__layer_9__all_context__series_mean.pt,44,pretrained,9,all_context,series_mean,-7207051.593889889,999.2609882530562,999.2559872567654,-7264366.056356788,1003.2264575851078,1003.2263885339102,48.0
45,fev,epf_de,future_burstiness,seed_45/toto_dynamic_probes/artifacts/future_burstiness__layer_11__all_context__series_mean.pt,45,pretrained,11,all_context,series_mean,-7227927.675481294,1000.7071806563044,1000.7021566430728,-7171217.423952859,996.7736809643018,996.7736114660898,48.0
46,fev,epf_de,future_burstiness,seed_46/toto_dynamic_probes/artifacts/future_burstiness__layer_11__all_context__series_mean.pt,46,pretrained,11,all_context,series_mean,-6983209.857989562,983.6207114710694,976.4022731845438,-7264366.056356788,1003.2264575851078,1003.2263885339102,48.0
42,fev,epf_fr,future_burstiness,seed_42/toto_dynamic_probes/artifacts/future_burstiness__layer_6__all_context__series_mean.pt,42,pretrained,6,all_context,series_mean,-12551059.84341794,993.2942766600167,991.8377651609808,-12758237.11430647,1001.4587543287493,1001.4587150812148,48.0
43,fev,epf_fr,future_burstiness,seed_43/toto_dynamic_probes/artifacts/future_burstiness__layer_10__all_context__series_mean.pt,43,pretrained,10,all_context,series_mean,-12470570.925256357,990.1041968624024,981.6592529405004,-12758237.11430647,1001.4587543287493,1001.4587150812148,48.0
44,fev,epf_fr,future_burstiness,seed_44/toto_dynamic_probes/artifacts/future_burstiness__layer_9__all_context__series_mean.pt,44,pretrained,9,all_context,series_mean,-12458751.92881696,989.6348995432184,982.8043540528512,-12758237.11430647,1001.4587543287493,1001.4587150812148,48.0
45,fev,epf_fr,future_burstiness,seed_45/toto_dynamic_probes/artifacts/future_burstiness__layer_11__all_context__series_mean.pt,45,pretrained,11,all_context,series_mean,-12734384.213517178,1000.5221488310932,1000.5211819211642,-9387461.527449964,859.0369088111513,821.7723538920627,48.0
46,fev,epf_fr,future_burstiness,seed_46/toto_dynamic_probes/artifacts/future_burstiness__layer_11__all_context__series_mean.pt,46,pretrained,11,all_context,series_mean,-12710481.98135728,999.582725972974,999.5817098021508,-12758237.11430647,1001.4587543287493,1001.4587150812148,48.0
42,fev,epf_np,future_burstiness,seed_42/toto_dynamic_probes/artifacts/future_burstiness__layer_6__all_context__series_mean.pt,42,pretrained,6,all_context,series_mean,-163292.60036715964,991.6189659569992,989.5481222849562,-167396.4068479814,1004.002063268112,1003.9990644057592,48.0
43,fev,epf_np,future_burstiness,seed_43/toto_dynamic_probes/artifacts/future_burstiness__layer_10__all_context__series_mean.pt,43,pretrained,10,all_context,series_mean,-163227.65178530602,991.421742517864,989.358047202939,-167396.4068479814,1004.002063268112,1003.9990644057592,48.0
44,fev,epf_np,future_burstiness,seed_44/toto_dynamic_probes/artifacts/future_burstiness__layer_9__all_context__series_mean.pt,44,pretrained,9,all_context,series_mean,-164969.97006230164,996.6989628697504,995.8332999253612,-167396.4068479814,1004.002063268112,1003.9990644057592,48.0
45,fev,epf_np,future_burstiness,seed_45/toto_dynamic_probes/artifacts/future_burstiness__layer_11__all_context__series_mean.pt,45,pretrained,11,all_context,series_mean,-166795.45005316852,1002.1982588816712,1002.1896679351728,-167396.4068479814,1004.002063268112,1003.9990644057592,48.0
46,fev,epf_np,future_burstiness,seed_46/toto_dynamic_probes/artifacts/future_burstiness__layer_11__all_context__series_mean.pt,46,pretrained,11,all_context,series_mean,-165593.22640990236,998.5799402988296,998.5699414660534,-167396.4068479814,1004.002063268112,1003.9990644057592,48.0
42,fev,epf_pjm,future_burstiness,seed_42/toto_dynamic_probes/artifacts/future_burstiness__layer_6__all_context__series_mean.pt,42,pretrained,6,all_context,series_mean,-331125.26546800416,998.4512024543724,998.4439847022296,-334628.8491307345,1003.719513947587,1003.7180142005284,48.0
43,fev,epf_pjm,future_burstiness,seed_43/toto_dynamic_probes/artifacts/future_burstiness__layer_10__all_context__series_mean.pt,43,pretrained,10,all_context,series_mean,-332220.73104535317,1000.1014276114204,1000.0930156161388,-334628.8491307345,1003.719513947587,1003.7180142005284,48.0
44,fev,epf_pjm,future_burstiness,seed_44/toto_dynamic_probes/artifacts/future_burstiness__layer_9__all_context__series_mean.pt,44,pretrained,9,all_context,series_mean,-332434.20116321003,1000.422685171862,1000.4143573641776,-334628.8491307345,1003.719513947587,1003.7180142005284,48.0
45,fev,epf_pjm,future_burstiness,seed_45/toto_dynamic_probes/artifacts/future_burstiness__layer_11__all_context__series_mean.pt,45,pretrained,11,all_context,series_mean,-333688.99616899894,1002.3089821724049,1002.3032307326794,-207725.87901734788,790.817692341471,700.2930557175313,48.0
46,fev,epf_pjm,future_burstiness,seed_46/toto_dynamic_probes/artifacts/future_burstiness__layer_11__all_context__series_mean.pt,46,pretrained,11,all_context,series_mean,-312139.48131566116,969.404601068703,949.0396004324311,-334628.8491307345,1003.719513947587,1003.7180142005284,48.0
42,fev,rohlik_sales_1D,future_burstiness,seed_42/toto_dynamic_probes/artifacts/future_burstiness__layer_6__all_context__series_mean.pt,42,pretrained,6,all_context,series_mean,-58827357.2550634,999.115906813333,999.1156551068028,-59064312.48181601,1001.1260923853466,1001.1260839104652,48.0
43,fev,rohlik_sales_1D,future_burstiness,seed_43/toto_dynamic_probes/artifacts/future_burstiness__layer_10__all_context__series_mean.pt,43,pretrained,10,all_context,series_mean,-55789029.35845718,972.9725926770816,961.0400380644636,-59064312.48181601,1001.1260923853466,1001.1260839104652,48.0
44,fev,rohlik_sales_1D,future_burstiness,seed_44/toto_dynamic_probes/artifacts/future_burstiness__layer_9__all_context__series_mean.pt,44,pretrained,9,all_context,series_mean,-58838284.97930203,999.208700000468,999.208370561401,-59064312.48181601,1001.1260923853466,1001.1260839104652,48.0
45,fev,rohlik_sales_1D,future_burstiness,seed_45/toto_dynamic_probes/artifacts/future_burstiness__layer_11__all_context__series_mean.pt,45,pretrained,11,all_context,series_mean,-59064312.48181601,1001.1260923853466,1001.1260839104652,-58798865.162457414,998.8739245835244,998.8739160895348,48.0
46,fev,rohlik_sales_1D,future_burstiness,seed_46/toto_dynamic_probes/artifacts/future_burstiness__layer_11__all_context__series_mean.pt,46,pretrained,11,all_context,series_mean,-58816031.78862082,999.0197270878034,999.019565038383,-59064312.48181601,1001.1260923853466,1001.1260839104652,48.0
42,fev,solar_with_weather_15T,future_burstiness,seed_42/toto_dynamic_probes/artifacts/future_burstiness__layer_6__all_context__series_mean.pt,42,pretrained,6,all_context,series_mean,-1.7419430248272725,771761784.2662519,615135889.823534,-1.7419472532147746,771762379.3381765,615136584.0,32.0
43,fev,solar_with_weather_15T,future_burstiness,seed_43/toto_dynamic_probes/artifacts/future_burstiness__layer_10__all_context__series_mean.pt,43,pretrained,10,all_context,series_mean,-1.741942262010657,771761676.9130452,615135768.7655591,-1.7419472532147746,771762379.3381765,615136584.0,32.0
44,fev,solar_with_weather_15T,future_burstiness,seed_44/toto_dynamic_probes/artifacts/future_burstiness__layer_9__all_context__series_mean.pt,44,pretrained,9,all_context,series_mean,-1.7419472532147746,771762379.3381765,615136584.0,-1.7419472532147746,771762379.3381765,615136584.0,32.0
45,fev,solar_with_weather_15T,future_burstiness,seed_45/toto_dynamic_probes/artifacts/future_burstiness__layer_11__all_context__series_mean.pt,45,pretrained,11,all_context,series_mean,-1.741938711346779,771761177.2184978,615135402.6324706,-1.7419359260105942,771760785.2303636,615134584.0,32.0
46,fev,solar_with_weather_15T,future_burstiness,seed_46/toto_dynamic_probes/artifacts/future_burstiness__layer_11__all_context__series_mean.pt,46,pretrained,11,all_context,series_mean,-1.7419438209756373,771761896.3103085,615135646.5,-1.741945880784851,771762186.1926091,615135584.0,32.0
42,fev,solar_with_weather_1H,future_burstiness,seed_42/toto_dynamic_probes/artifacts/future_burstiness__layer_6__all_context__series_mean.pt,42,pretrained,6,all_context,series_mean,-4.468332653502125,8165454628.444505,7381177581.882213,-4.4683337477671845,8165455445.436796,7381178514.666667,48.0
43,fev,solar_with_weather_1H,future_burstiness,seed_43/toto_dynamic_probes/artifacts/future_burstiness__layer_10__all_context__series_mean.pt,43,pretrained,10,all_context,series_mean,-4.46833163473763,8165453867.821827,7381176736.510414,-4.4683337477671845,8165455445.436796,7381178514.666667,48.0
44,fev,solar_with_weather_1H,future_burstiness,seed_44/toto_dynamic_probes/artifacts/future_burstiness__layer_9__all_context__series_mean.pt,44,pretrained,9,all_context,series_mean,-4.468333613228042,8165455344.988155,7381178431.333333,-4.4683337477671845,8165455445.436796,7381178514.666667,48.0
45,fev,solar_with_weather_1H,future_burstiness,seed_45/toto_dynamic_probes/artifacts/future_burstiness__layer_11__all_context__series_mean.pt,45,pretrained,11,all_context,series_mean,-4.468332303398273,8165454367.052473,7381177424.408778,-4.46833132629309,8165453637.533152,7381176514.666667,48.0
46,fev,solar_with_weather_1H,future_burstiness,seed_46/toto_dynamic_probes/artifacts/future_burstiness__layer_11__all_context__series_mean.pt,46,pretrained,11,all_context,series_mean,-4.468332657771874,8165454631.632355,7381177831.48511,-4.4683337477671845,8165455445.436796,7381178514.666667,48.0
42,fev,entsoe_15T,future_sparsity,seed_42/toto_dynamic_probes/artifacts/future_sparsity__layer_-1__all_context__series_mean.pt,42,pretrained,-1,all_context,series_mean,0.0,0.0176368990774769,0.017616558105653,0.0,0.0023987136139962,0.0023164962768437,288.0
43,fev,entsoe_15T,future_sparsity,seed_43/toto_dynamic_probes/artifacts/future_sparsity__layer_-1__all_context__series_mean.pt,43,pretrained,-1,all_context,series_mean,0.0,0.0240246878173774,0.0239585526873717,0.0,0.001616756618101,0.0015724384888791,288.0
44,fev,entsoe_15T,future_sparsity,seed_44/toto_dynamic_probes/artifacts/future_sparsity__layer_9__all_context__series_mean.pt,44,pretrained,9,all_context,series_mean,0.0,0.0137015583204563,0.010519341581391,0.0,0.0004010154031942,0.000399591283558,288.0
45,fev,entsoe_15T,future_sparsity,seed_45/toto_dynamic_probes/artifacts/future_sparsity__layer_11__all_context__series_mean.pt,45,pretrained,11,all_context,series_mean,0.0,0.0452569733687855,0.0363408905589213,0.0,0.0033089605981998,0.0032699736841843,288.0
46,fev,entsoe_15T,future_sparsity,seed_46/toto_dynamic_probes/artifacts/future_sparsity__layer_11__all_context__series_mean.pt,46,pretrained,11,all_context,series_mean,0.0,0.0241980567947539,0.0186380593525692,0.0,0.0002596616650641,0.0002592954129547,288.0
42,fev,entsoe_1H,future_sparsity,seed_42/toto_dynamic_probes/artifacts/future_sparsity__layer_-1__all_context__series_mean.pt,42,pretrained,-1,all_context,series_mean,0.0,0.017802722151248,0.0177655335673299,0.0,0.0024236931838164,0.0022843982247958,288.0
43,fev,entsoe_1H,future_sparsity,seed_43/toto_dynamic_probes/artifacts/future_sparsity__layer_-1__all_context__series_mean.pt,43,pretrained,-1,all_context,series_mean,0.0,0.0240210508749339,0.023920836688964,0.0,0.0016656416505431,0.0016485882898699,288.0
44,fev,entsoe_1H,future_sparsity,seed_44/toto_dynamic_probes/artifacts/future_sparsity__layer_9__all_context__series_mean.pt,44,pretrained,9,all_context,series_mean,0.0,0.0160361363466204,0.0128836985924978,0.0,0.0004075418642625,0.0004070806976644,288.0
45,fev,entsoe_1H,future_sparsity,seed_45/toto_dynamic_probes/artifacts/future_sparsity__layer_11__all_context__series_mean.pt,45,pretrained,11,all_context,series_mean,0.0,0.0482868191308823,0.0404801742979136,0.0,0.0033871943845639,0.0033714616663483,288.0
46,fev,entsoe_1H,future_sparsity,seed_46/toto_dynamic_probes/artifacts/future_sparsity__layer_11__all_context__series_mean.pt,46,pretrained,11,all_context,series_mean,0.0,0.035252413157422,0.0282772031740231,0.0,0.0002621017352976,0.0002619382470706,288.0
42,fev,entsoe_30T,future_sparsity,seed_42/toto_dynamic_probes/artifacts/future_sparsity__layer_-1__all_context__series_mean.pt,42,pretrained,-1,all_context,series_mean,0.0,0.0176557259438928,0.0176183095328996,0.0,0.0024376625822659,0.0023324011334601,288.0
43,fev,entsoe_30T,future_sparsity,seed_43/toto_dynamic_probes/artifacts/future_sparsity__layer_-1__all_context__series_mean.pt,43,pretrained,-1,all_context,series_mean,0.0,0.0239983825484013,0.0238546537716085,0.0,0.0016288032798093,0.0015855679209186,288.0
44,fev,entsoe_30T,future_sparsity,seed_44/toto_dynamic_probes/artifacts/future_sparsity__layer_9__all_context__series_mean.pt,44,pretrained,9,all_context,series_mean,0.0,0.0137491528454382,0.0111636661513843,0.0,0.0004033161106209,0.0004022098412547,288.0
45,fev,entsoe_30T,future_sparsity,seed_45/toto_dynamic_probes/artifacts/future_sparsity__layer_11__all_context__series_mean.pt,45,pretrained,11,all_context,series_mean,0.0,0.0354229234462818,0.0285599701490256,0.0,0.003328831500251,0.0032912730716288,288.0
46,fev,entsoe_30T,future_sparsity,seed_46/toto_dynamic_probes/artifacts/future_sparsity__layer_11__all_context__series_mean.pt,46,pretrained,11,all_context,series_mean,0.0,0.0269503998419895,0.0206743338123161,0.0,0.0002603637511229,0.0002600176024403,288.0
42,fev,epf_be,future_sparsity,seed_42/toto_dynamic_probes/artifacts/future_sparsity__layer_-1__all_context__series_mean.pt,42,pretrained,-1,all_context,series_mean,0.0,0.0178161971073941,0.0177413948446446,0.0,9.461566942497228e-05,9.361596006903064e-05,48.0
43,fev,epf_be,future_sparsity,seed_43/toto_dynamic_probes/artifacts/future_sparsity__layer_-1__all_context__series_mean.pt,43,pretrained,-1,all_context,series_mean,0.0,0.0236287784850934,0.0234429995918333,0.0,8.893729040774025e-05,8.859809363645614e-05,48.0
44,fev,epf_be,future_sparsity,seed_44/toto_dynamic_probes/artifacts/future_sparsity__layer_9__all_context__series_mean.pt,44,pretrained,9,all_context,series_mean,0.0,0.0090913421348159,0.0073650340131857,0.0,3.851954943409128e-05,3.835266935234687e-05,48.0
45,fev,epf_be,future_sparsity,seed_45/toto_dynamic_probes/artifacts/future_sparsity__layer_11__all_context__series_mean.pt,45,pretrained,11,all_context,series_mean,0.0,0.0315651229314988,0.0248171632258343,0.0,0.0002670645029397,0.0002661259585575,48.0
46,fev,epf_be,future_sparsity,seed_46/toto_dynamic_probes/artifacts/future_sparsity__layer_11__all_context__series_mean.pt,46,pretrained,11,all_context,series_mean,0.0,0.0229738719738021,0.0187803681769459,0.0,2.8014436913881457e-05,2.788860412135443e-05,48.0
42,fev,epf_de,future_sparsity,seed_42/toto_dynamic_probes/artifacts/future_sparsity__layer_-1__all_context__series_mean.pt,42,pretrained,-1,all_context,series_mean,0.0,0.0178026742512568,0.017720973540537,0.0,5.6980106280522055e-05,5.456906450494389e-05,48.0
43,fev,epf_de,future_sparsity,seed_43/toto_dynamic_probes/artifacts/future_sparsity__layer_-1__all_context__series_mean.pt,43,pretrained,-1,all_context,series_mean,0.0,0.0248047497344124,0.0246058110616705,0.0,7.051618216553091e-05,7.044175204006659e-05,48.0
44,fev,epf_de,future_sparsity,seed_44/toto_dynamic_probes/artifacts/future_sparsity__layer_9__all_context__series_mean.pt,44,pretrained,9,all_context,series_mean,0.0,0.0127318663835026,0.0095540718458159,0.0,2.9796077233463715e-05,2.969605545495464e-05,48.0
45,fev,epf_de,future_sparsity,seed_45/toto_dynamic_probes/artifacts/future_sparsity__layer_11__all_context__series_mean.pt,45,pretrained,11,all_context,series_mean,0.0,0.0345561665655015,0.0266127508560039,0.0,0.0002167760343409,0.0002157181638157,48.0
46,fev,epf_de,future_sparsity,seed_46/toto_dynamic_probes/artifacts/future_sparsity__layer_11__all_context__series_mean.pt,46,pretrained,11,all_context,series_mean,0.0,0.0276808051260511,0.0228938031997111,0.0,2.1482631109988825e-05,2.141038919093446e-05,48.0
42,fev,epf_fr,future_sparsity,seed_42/toto_dynamic_probes/artifacts/future_sparsity__layer_-1__all_context__series_mean.pt,42,pretrained,-1,all_context,series_mean,0.0,0.0177894151934613,0.0177332862409166,0.0,7.636892604564434e-05,7.22906436321583e-05,48.0
43,fev,epf_fr,future_sparsity,seed_43/toto_dynamic_probes/artifacts/future_sparsity__layer_-1__all_context__series_mean.pt,43,pretrained,-1,all_context,series_mean,0.0,0.0237372895497395,0.0235593376863288,0.0,8.696879729241824e-05,8.672815759210607e-05,48.0
44,fev,epf_fr,future_sparsity,seed_44/toto_dynamic_probes/artifacts/future_sparsity__layer_9__all_context__series_mean.pt,44,pretrained,9,all_context,series_mean,0.0,0.0154770999191806,0.0118246103777661,0.0,3.5776514250094884e-05,3.5523954654839825e-05,48.0
45,fev,epf_fr,future_sparsity,seed_45/toto_dynamic_probes/artifacts/future_sparsity__layer_11__all_context__series_mean.pt,45,pretrained,11,all_context,series_mean,0.0,0.0304226445335816,0.02557419645527,0.0,0.0002487144046802,0.0002473570801898,48.0
46,fev,epf_fr,future_sparsity,seed_46/toto_dynamic_probes/artifacts/future_sparsity__layer_11__all_context__series_mean.pt,46,pretrained,11,all_context,series_mean,0.0,0.0289093032393869,0.0228920924722313,0.0,2.594488686078476e-05,2.5747626652170705e-05,48.0
42,fev,epf_np,future_sparsity,seed_42/toto_dynamic_probes/artifacts/future_sparsity__layer_-1__all_context__series_mean.pt,42,pretrained,-1,all_context,series_mean,0.0,0.0179369031244137,0.0178477261060794,0.0,9.475134537770608e-05,9.405483830777818e-05,48.0
43,fev,epf_np,future_sparsity,seed_43/toto_dynamic_probes/artifacts/future_sparsity__layer_-1__all_context__series_mean.pt,43,pretrained,-1,all_context,series_mean,0.0,0.0247776357296193,0.0246287328287998,0.0,5.55524238858638e-05,5.471164422905101e-05,48.0
44,fev,epf_np,future_sparsity,seed_44/toto_dynamic_probes/artifacts/future_sparsity__layer_9__all_context__series_mean.pt,44,pretrained,9,all_context,series_mean,0.0,0.0143161566301481,0.0113928961799322,0.0,2.6726262381224303e-05,2.637959743038524e-05,48.0
45,fev,epf_np,future_sparsity,seed_45/toto_dynamic_probes/artifacts/future_sparsity__layer_11__all_context__series_mean.pt,45,pretrained,11,all_context,series_mean,0.0,0.0270896478596121,0.0219584751112366,0.0,0.0001762454573834,0.0001736738619854,48.0
46,fev,epf_np,future_sparsity,seed_46/toto_dynamic_probes/artifacts/future_sparsity__layer_11__all_context__series_mean.pt,46,pretrained,11,all_context,series_mean,0.0,0.0294497980296535,0.0223968503503868,0.0,1.9706984315096435e-05,1.9459039420143105e-05,48.0
42,fev,epf_pjm,future_sparsity,seed_42/toto_dynamic_probes/artifacts/future_sparsity__layer_-1__all_context__series_mean.pt,42,pretrained,-1,all_context,series_mean,0.0,0.0180486883962128,0.0179149116497537,0.0,6.190924306551333e-05,6.142475947324445e-05,48.0
43,fev,epf_pjm,future_sparsity,seed_43/toto_dynamic_probes/artifacts/future_sparsity__layer_-1__all_context__series_mean.pt,43,pretrained,-1,all_context,series_mean,0.0,0.0235544678695053,0.0232279014817359,0.0,5.4908403798745055e-05,5.401238947845439e-05,48.0
44,fev,epf_pjm,future_sparsity,seed_44/toto_dynamic_probes/artifacts/future_sparsity__layer_9__all_context__series_mean.pt,44,pretrained,9,all_context,series_mean,0.0,0.0159075236803604,0.0115723513779254,0.0,2.381981490532376e-05,2.348022910466339e-05,48.0
45,fev,epf_pjm,future_sparsity,seed_45/toto_dynamic_probes/artifacts/future_sparsity__layer_11__all_context__series_mean.pt,45,pretrained,11,all_context,series_mean,0.0,0.0390267422830881,0.0300927693832792,0.0,0.0001627222292028,0.000160069415223,48.0
46,fev,epf_pjm,future_sparsity,seed_46/toto_dynamic_probes/artifacts/future_sparsity__layer_11__all_context__series_mean.pt,46,pretrained,11,all_context,series_mean,0.0,0.0317221008390091,0.0252515709375276,0.0,1.7387510596177164e-05,1.7148139466025638e-05,48.0
42,fev,rohlik_sales_1D,future_sparsity,seed_42/toto_dynamic_probes/artifacts/future_sparsity__layer_-1__all_context__series_mean.pt,42,pretrained,-1,all_context,series_mean,0.0,0.0181756147947587,0.0180917385861596,0.0,0.0005155423437654,0.0005107845807125,48.0
43,fev,rohlik_sales_1D,future_sparsity,seed_43/toto_dynamic_probes/artifacts/future_sparsity__layer_-1__all_context__series_mean.pt,43,pretrained,-1,all_context,series_mean,0.0,0.0262677791801074,0.0258942938745692,0.0,0.000437756271218,0.0004368225370559,48.0
44,fev,rohlik_sales_1D,future_sparsity,seed_44/toto_dynamic_probes/artifacts/future_sparsity__layer_9__all_context__series_mean.pt,44,pretrained,9,all_context,series_mean,0.0,0.0057501103969779,0.0048681861903844,0.0,0.0001974754919313,0.0001965677138638,48.0
45,fev,rohlik_sales_1D,future_sparsity,seed_45/toto_dynamic_probes/artifacts/future_sparsity__layer_11__all_context__series_mean.pt,45,pretrained,11,all_context,series_mean,0.0,0.0085451241977262,0.0066215820861502,0.0,0.0013879387021648,0.0013799520335085,48.0
46,fev,rohlik_sales_1D,future_sparsity,seed_46/toto_dynamic_probes/artifacts/future_sparsity__layer_11__all_context__series_mean.pt,46,pretrained,11,all_context,series_mean,0.0,0.0077060078279712,0.0051795915722118,0.0,0.0001433587533004,0.0001427055817801,48.0
42,fev,solar_with_weather_15T,future_sparsity,seed_42/toto_dynamic_probes/artifacts/future_sparsity__layer_-1__all_context__series_mean.pt,42,pretrained,-1,all_context,series_mean,-22.620127738745538,0.6454759608961558,0.6314091880775099,-3.4458616091193317,0.2800379705607424,0.2280030362528059,32.0
43,fev,solar_with_weather_15T,future_sparsity,seed_43/toto_dynamic_probes/artifacts/future_sparsity__layer_-1__all_context__series_mean.pt,43,pretrained,-1,all_context,series_mean,-22.15251134021511,0.6390546577167313,0.6249540702764235,-3.4405371071634514,0.2798702292367432,0.2273518041857747,32.0
44,fev,solar_with_weather_15T,future_sparsity,seed_44/toto_dynamic_probes/artifacts/future_sparsity__layer_9__all_context__series_mean.pt,44,pretrained,9,all_context,series_mean,-24.372096957866766,0.6689861596025102,0.6557512252566621,-3.4359982705743457,0.279727159831699,0.2267330921799453,32.0
45,fev,solar_with_weather_15T,future_sparsity,seed_45/toto_dynamic_probes/artifacts/future_sparsity__layer_11__all_context__series_mean.pt,45,pretrained,11,all_context,series_mean,-24.01889438368693,0.664313393637489,0.6517926709545165,-3.4278900290195624,0.2794713963469938,0.2248789434295805,32.0
46,fev,solar_with_weather_15T,future_sparsity,seed_46/toto_dynamic_probes/artifacts/future_sparsity__layer_11__all_context__series_mean.pt,46,pretrained,11,all_context,series_mean,-24.19991247463967,0.666712300819215,0.6520764221540096,-3.4356676614320323,0.2797167357880084,0.2266729125562641,32.0
42,fev,solar_with_weather_1H,future_sparsity,seed_42/toto_dynamic_probes/artifacts/future_sparsity__layer_-1__all_context__series_mean.pt,42,pretrained,-1,all_context,series_mean,-2387.3938203037897,0.623486947222423,0.6233639651137989,-43.71692709498511,0.0853120488913068,0.0849134004185312,48.0
43,fev,solar_with_weather_1H,future_sparsity,seed_43/toto_dynamic_probes/artifacts/future_sparsity__layer_-1__all_context__series_mean.pt,43,pretrained,-1,all_context,series_mean,-2328.8462567111064,0.6157976514339538,0.6156355033577426,-43.12124374603779,0.0847419141626897,0.0843684895765466,48.0
44,fev,solar_with_weather_1H,future_sparsity,seed_44/toto_dynamic_probes/artifacts/future_sparsity__layer_9__all_context__series_mean.pt,44,pretrained,9,all_context,series_mean,-2615.345162537274,0.6525622030108581,0.6523826916846844,-42.25929111388547,0.0839100723775199,0.0835729101258718,48.0
45,fev,solar_with_weather_1H,future_sparsity,seed_45/toto_dynamic_probes/artifacts/future_sparsity__layer_11__all_context__series_mean.pt,45,pretrained,11,all_context,series_mean,-2492.9210825082305,0.6371119481871487,0.6365098999930834,-40.019582967546775,0.0817090228511565,0.0814472609751722,48.0
46,fev,solar_with_weather_1H,future_sparsity,seed_46/toto_dynamic_probes/artifacts/future_sparsity__layer_11__all_context__series_mean.pt,46,pretrained,11,all_context,series_mean,-2644.4639931416827,0.6561835275290017,0.655540638837044,-42.168285662010334,0.0838217642449411,0.0834885366710829,48.0
42,fev,entsoe_15T,shift_risk,seed_42/toto_dynamic_probes/artifacts/shift_risk__layer_4__all_context__series_mean.pt,42,pretrained,4,all_context,series_mean,-27045865.44566212,993.0340735144008,990.6906100180128,-27413861.425412152,999.7670410215678,999.7670227868688,288.0
43,fev,entsoe_15T,shift_risk,seed_43/toto_dynamic_probes/artifacts/shift_risk__layer_7__all_context__series_mean.pt,43,pretrained,7,all_context,series_mean,-27242830.356166583,996.6434615006611,995.9487087077504,-27413861.425412152,999.7670410215678,999.7670227868688,288.0
44,fev,entsoe_15T,shift_risk,seed_44/toto_dynamic_probes/artifacts/shift_risk__layer_4__all_context__series_mean.pt,44,pretrained,4,all_context,series_mean,-26759633.027338214,987.765346205117,979.7220514358362,-27413861.425412152,999.7670410215678,999.7670227868688,288.0
45,fev,entsoe_15T,shift_risk,seed_45/toto_dynamic_probes/artifacts/shift_risk__layer_-1__all_context__series_mean.pt,45,pretrained,-1,all_context,series_mean,-25946997.97831147,972.6515165899184,958.4523515373706,-27413861.425412152,999.7670410215678,999.7670227868688,288.0
46,fev,entsoe_15T,shift_risk,seed_46/toto_dynamic_probes/artifacts/shift_risk__layer_5__all_context__series_mean.pt,46,pretrained,5,all_context,series_mean,-26658524.251759604,985.897490645658,979.679656079811,-27418540.02039057,999.8523501514928,999.85231568209,288.0
42,fev,entsoe_1H,shift_risk,seed_42/toto_dynamic_probes/artifacts/shift_risk__layer_4__all_context__series_mean.pt,42,pretrained,4,all_context,series_mean,-48111466.714917265,999.3278273938728,999.2598423698672,-48126479.602090195,999.4837322792775,999.4837218953504,288.0
43,fev,entsoe_1H,shift_risk,seed_43/toto_dynamic_probes/artifacts/shift_risk__layer_7__all_context__series_mean.pt,43,pretrained,7,all_context,series_mean,-48036497.15475772,998.54892394692,997.5573090298008,-48126479.602090195,999.4837322792775,999.4837218953504,288.0
44,fev,entsoe_1H,shift_risk,seed_44/toto_dynamic_probes/artifacts/shift_risk__layer_4__all_context__series_mean.pt,44,pretrained,4,all_context,series_mean,-47484192.20803028,992.7918646908736,989.2494397413838,-48126479.602090195,999.4837322792775,999.4837218953504,288.0
45,fev,entsoe_1H,shift_risk,seed_45/toto_dynamic_probes/artifacts/shift_risk__layer_-1__all_context__series_mean.pt,45,pretrained,-1,all_context,series_mean,-47040447.493714795,988.1421045566605,983.4824451405448,-48126479.602090195,999.4837322792775,999.4837218953504,288.0
46,fev,entsoe_1H,shift_risk,seed_46/toto_dynamic_probes/artifacts/shift_risk__layer_5__all_context__series_mean.pt,46,pretrained,5,all_context,series_mean,-47536239.52512695,993.3358141383076,990.2121105022107,-48126479.602090195,999.4837322792775,999.4837218953504,288.0
42,fev,entsoe_30T,shift_risk,seed_42/toto_dynamic_probes/artifacts/shift_risk__layer_4__all_context__series_mean.pt,42,pretrained,4,all_context,series_mean,-34545037.13612216,990.851250138886,985.9345796031644,-35170998.793758914,999.7881395824264,999.7881253691804,288.0
43,fev,entsoe_30T,shift_risk,seed_43/toto_dynamic_probes/artifacts/shift_risk__layer_7__all_context__series_mean.pt,43,pretrained,7,all_context,series_mean,-34385774.90668338,988.5645616653156,982.0289136820996,-35170998.793758914,999.7881395824264,999.7881253691804,288.0
44,fev,entsoe_30T,shift_risk,seed_44/toto_dynamic_probes/artifacts/shift_risk__layer_4__all_context__series_mean.pt,44,pretrained,4,all_context,series_mean,-34869347.299877785,995.4914600300976,993.758822617746,-35170998.793758914,999.7881395824264,999.7881253691804,288.0
45,fev,entsoe_30T,shift_risk,seed_45/toto_dynamic_probes/artifacts/shift_risk__layer_-1__all_context__series_mean.pt,45,pretrained,-1,all_context,series_mean,-34281524.77939385,987.06486870218,980.8397970316324,-35170998.793758914,999.7881395824264,999.7881253691804,288.0
46,fev,entsoe_30T,shift_risk,seed_46/toto_dynamic_probes/artifacts/shift_risk__layer_5__all_context__series_mean.pt,46,pretrained,5,all_context,series_mean,-34496251.69172011,990.1513493759966,986.2811888642912,-35170998.793758914,999.7881395824264,999.7881253691804,288.0
42,fev,epf_be,shift_risk,seed_42/toto_dynamic_probes/artifacts/shift_risk__layer_4__all_context__series_mean.pt,42,pretrained,4,all_context,series_mean,-28108499.86082096,1000.2137602733336,1000.2137352100884,-28082698.868896663,999.7546032376636,999.7545854374766,48.0
43,fev,epf_be,shift_risk,seed_43/toto_dynamic_probes/artifacts/shift_risk__layer_7__all_context__series_mean.pt,43,pretrained,7,all_context,series_mean,-27583787.15051678,990.8340838885432,986.1653408514032,-28082698.868896663,999.7546032376636,999.7545854374766,48.0
44,fev,epf_be,shift_risk,seed_44/toto_dynamic_probes/artifacts/shift_risk__layer_4__all_context__series_mean.pt,44,pretrained,4,all_context,series_mean,-27050047.87806129,981.2010636075996,968.94076501264,-28082698.868896663,999.7546032376636,999.7545854374766,48.0
45,fev,epf_be,shift_risk,seed_45/toto_dynamic_probes/artifacts/shift_risk__layer_-1__all_context__series_mean.pt,45,pretrained,-1,all_context,series_mean,-27510135.96930306,989.5103918961942,979.9841259408988,-28082698.868896663,999.7546032376636,999.7545854374766,48.0
46,fev,epf_be,shift_risk,seed_46/toto_dynamic_probes/artifacts/shift_risk__layer_5__all_context__series_mean.pt,46,pretrained,5,all_context,series_mean,-27006017.541308504,980.4021702602691,967.9772538799012,-28110280.017896272,1000.2454323539756,1000.2454145625234,48.0
42,fev,epf_de,shift_risk,seed_42/toto_dynamic_probes/artifacts/shift_risk__layer_4__all_context__series_mean.pt,42,pretrained,4,all_context,series_mean,-19024990.60467676,981.6146180242946,970.4559634697748,-19731302.25478781,999.6700157275892,999.6699903955064,48.0
43,fev,epf_de,shift_risk,seed_43/toto_dynamic_probes/artifacts/shift_risk__layer_7__all_context__series_mean.pt,43,pretrained,7,all_context,series_mean,-19449237.990053747,992.4990203429207,990.0505260818976,-19731302.25478781,999.6700157275892,999.6699903955064,48.0
44,fev,epf_de,shift_risk,seed_44/toto_dynamic_probes/artifacts/shift_risk__layer_4__all_context__series_mean.pt,44,pretrained,4,all_context,series_mean,-19465412.9712207,992.9116410269,990.9670347823444,-19731302.25478781,999.6700157275892,999.6699903955064,48.0
45,fev,epf_de,shift_risk,seed_45/toto_dynamic_probes/artifacts/shift_risk__layer_-1__all_context__series_mean.pt,45,pretrained,-1,all_context,series_mean,-19363359.979073748,990.3054091301664,984.7444896089714,-19731302.25478781,999.6700157275892,999.6699903955064,48.0
46,fev,epf_de,shift_risk,seed_46/toto_dynamic_probes/artifacts/shift_risk__layer_5__all_context__series_mean.pt,46,pretrained,5,all_context,series_mean,-18452855.60274981,966.7419929853854,954.0257846485064,-13628179.926882785,830.8023677828819,754.924375431161,48.0
42,fev,epf_fr,shift_risk,seed_42/toto_dynamic_probes/artifacts/shift_risk__layer_4__all_context__series_mean.pt,42,pretrained,4,all_context,series_mean,-21720334.20072275,1000.1948969479994,1000.1948691404737,-21702404.073070228,999.7819814798052,999.7819584459066,48.0
43,fev,epf_fr,shift_risk,seed_43/toto_dynamic_probes/artifacts/shift_risk__layer_7__all_context__series_mean.pt,43,pretrained,7,all_context,series_mean,-21719050.982230835,1000.165351189784,1000.1653180603558,-21702404.073070228,999.7819814798052,999.7819584459066,48.0
44,fev,epf_fr,shift_risk,seed_44/toto_dynamic_probes/artifacts/shift_risk__layer_4__all_context__series_mean.pt,44,pretrained,4,all_context,series_mean,-21711581.860049658,999.9933593462908,999.9933125684038,-21702404.073070228,999.7819814798052,999.7819584459066,48.0
45,fev,epf_fr,shift_risk,seed_45/toto_dynamic_probes/artifacts/shift_risk__layer_-1__all_context__series_mean.pt,45,pretrained,-1,all_context,series_mean,-20943010.567871593,982.1344368592656,971.009873695738,-21702404.073070228,999.7819814798052,999.7819584459066,48.0
46,fev,epf_fr,shift_risk,seed_46/toto_dynamic_probes/artifacts/shift_risk__layer_5__all_context__series_mean.pt,46,pretrained,5,all_context,series_mean,-21703875.090726286,999.8158641767094,999.815834329774,-21721340.433643542,1000.2180645779492,1000.2180415540934,48.0
42,fev,epf_np,shift_risk,seed_42/toto_dynamic_probes/artifacts/shift_risk__layer_4__all_context__series_mean.pt,42,pretrained,4,all_context,series_mean,-22141788.452135287,990.116975783914,983.3778488960784,-22572563.642542977,999.7020921867344,999.7020700425492,48.0
43,fev,epf_np,shift_risk,seed_43/toto_dynamic_probes/artifacts/shift_risk__layer_7__all_context__series_mean.pt,43,pretrained,7,all_context,series_mean,-22160205.25367405,990.5286633235932,985.2379061183884,-22572563.642542977,999.7020921867344,999.7020700425492,48.0
44,fev,epf_np,shift_risk,seed_44/toto_dynamic_probes/artifacts/shift_risk__layer_4__all_context__series_mean.pt,44,pretrained,4,all_context,series_mean,-21384746.943012096,973.0434109806368,957.1180802583282,-22572563.642542977,999.7020921867344,999.7020700425492,48.0
45,fev,epf_np,shift_risk,seed_45/toto_dynamic_probes/artifacts/shift_risk__layer_-1__all_context__series_mean.pt,45,pretrained,-1,all_context,series_mean,-22391180.42459415,995.6774072047402,995.1336958130568,-22572563.642542977,999.7020921867344,999.7020700425492,48.0
46,fev,epf_np,shift_risk,seed_46/toto_dynamic_probes/artifacts/shift_risk__layer_5__all_context__series_mean.pt,46,pretrained,5,all_context,series_mean,-21687277.838846087,979.9020809867058,965.5673392088124,-22599479.85014532,1000.2979520884452,1000.2979299574508,48.0
42,fev,epf_pjm,shift_risk,seed_42/toto_dynamic_probes/artifacts/shift_risk__layer_4__all_context__series_mean.pt,42,pretrained,4,all_context,series_mean,-34950173.3273277,990.2631645586556,982.8617889440096,-35590655.06684394,999.2955382584064,999.2955242196718,48.0
43,fev,epf_pjm,shift_risk,seed_43/toto_dynamic_probes/artifacts/shift_risk__layer_7__all_context__series_mean.pt,43,pretrained,7,all_context,series_mean,-35670736.50250204,1000.4191485722488,1000.4189742431043,-35590655.06684394,999.2955382584064,999.2955242196718,48.0
44,fev,epf_pjm,shift_risk,seed_44/toto_dynamic_probes/artifacts/shift_risk__layer_4__all_context__series_mean.pt,44,pretrained,4,all_context,series_mean,-35638847.06757304,999.9718640893128,999.9716023132204,-35590655.06684394,999.2955382584064,999.2955242196718,48.0
45,fev,epf_pjm,shift_risk,seed_45/toto_dynamic_probes/artifacts/shift_risk__layer_-1__all_context__series_mean.pt,45,pretrained,-1,all_context,series_mean,-34580396.52217913,985.0106864103718,977.828893628854,-35590655.06684394,999.2955382584064,999.2955242196718,48.0
46,fev,epf_pjm,shift_risk,seed_46/toto_dynamic_probes/artifacts/shift_risk__layer_5__all_context__series_mean.pt,46,pretrained,5,all_context,series_mean,-35607659.155936554,999.5342256436855,999.534071944654,-35691087.5394922,1000.7044897992968,1000.7044757803282,48.0
42,fev,rohlik_sales_1D,shift_risk,seed_42/toto_dynamic_probes/artifacts/shift_risk__layer_4__all_context__series_mean.pt,42,pretrained,4,all_context,series_mean,-147422365.37465566,1000.0959750719584,1000.0959708246712,-147363267.5344702,999.8954985838376,999.8954951912164,48.0
43,fev,rohlik_sales_1D,shift_risk,seed_43/toto_dynamic_probes/artifacts/shift_risk__layer_7__all_context__series_mean.pt,43,pretrained,7,all_context,series_mean,-142002943.47144625,981.5414972292722,970.4439144055788,-147363267.5344702,999.8954985838376,999.8954951912164,48.0
44,fev,rohlik_sales_1D,shift_risk,seed_44/toto_dynamic_probes/artifacts/shift_risk__layer_4__all_context__series_mean.pt,44,pretrained,4,all_context,series_mean,-144551872.0473743,990.311567983154,984.5895356307096,-147363267.5344702,999.8954985838376,999.8954951912164,48.0
45,fev,rohlik_sales_1D,shift_risk,seed_45/toto_dynamic_probes/artifacts/shift_risk__layer_-1__all_context__series_mean.pt,45,pretrained,-1,all_context,series_mean,-138741220.08874232,970.2032981574404,949.6097564383954,-147363267.5344702,999.8954985838376,999.8954951912164,48.0
46,fev,rohlik_sales_1D,shift_risk,seed_46/toto_dynamic_probes/artifacts/shift_risk__layer_5__all_context__series_mean.pt,46,pretrained,5,all_context,series_mean,-147411835.03317794,1000.0602561357596,1000.060249098266,-147424881.09200504,1000.1045082006958,1000.1045048087836,48.0
42,fev,solar_with_weather_15T,shift_risk,seed_42/toto_dynamic_probes/artifacts/shift_risk__layer_4__all_context__series_mean.pt,42,pretrained,4,all_context,series_mean,-3.3519425867534673,88118140.44249018,77334297.24716553,-3.3518824973796537,88117532.0955218,77333584.0,32.0
43,fev,solar_with_weather_15T,shift_risk,seed_43/toto_dynamic_probes/artifacts/shift_risk__layer_7__all_context__series_mean.pt,43,pretrained,7,all_context,series_mean,-3.35197510339877,88118469.64041825,77334584.0,-3.3518824973796537,88117532.0955218,77333584.0,32.0
44,fev,solar_with_weather_15T,shift_risk,seed_44/toto_dynamic_probes/artifacts/shift_risk__layer_4__all_context__series_mean.pt,44,pretrained,4,all_context,series_mean,-3.351973746227519,88118455.90046568,77334549.50101602,-3.3518824973796537,88117532.0955218,77333584.0,32.0
45,fev,solar_with_weather_15T,shift_risk,seed_45/toto_dynamic_probes/artifacts/shift_risk__layer_-1__all_context__series_mean.pt,45,pretrained,-1,all_context,series_mean,-3.3519454130260193,88118169.0556711,77334280.61999577,-3.3518824973796537,88117532.0955218,77333584.0,32.0
46,fev,solar_with_weather_15T,shift_risk,seed_46/toto_dynamic_probes/artifacts/shift_risk__layer_5__all_context__series_mean.pt,46,pretrained,5,all_context,series_mean,-3.35197510339877,88118469.64041825,77334584.0,-3.3518824973796537,88117532.0955218,77333584.0,32.0
42,fev,solar_with_weather_1H,shift_risk,seed_42/toto_dynamic_probes/artifacts/shift_risk__layer_4__all_context__series_mean.pt,42,pretrained,4,all_context,series_mean,-1.7240113270719712,591620115.4785734,470661570.849341,-1.72400203437122,591619106.3503577,470660080.0,48.0
43,fev,solar_with_weather_1H,shift_risk,seed_43/toto_dynamic_probes/artifacts/shift_risk__layer_7__all_context__series_mean.pt,43,pretrained,7,all_context,series_mean,-1.7240097854816887,591619948.0717897,470661121.6666667,-1.72400203437122,591619106.3503577,470660080.0,48.0
44,fev,solar_with_weather_1H,shift_risk,seed_44/toto_dynamic_probes/artifacts/shift_risk__layer_4__all_context__series_mean.pt,44,pretrained,4,all_context,series_mean,-1.7240112200807056,591620103.860012,470661343.9570846,-1.72400203437122,591619106.3503577,470660080.0,48.0
45,fev,solar_with_weather_1H,shift_risk,seed_45/toto_dynamic_probes/artifacts/shift_risk__layer_-1__all_context__series_mean.pt,45,pretrained,-1,all_context,series_mean,-1.7240072567214637,591619673.4646006,470660814.3049132,-1.72400203437122,591619106.3503577,470660080.0,48.0
46,fev,solar_with_weather_1H,shift_risk,seed_46/toto_dynamic_probes/artifacts/shift_risk__layer_5__all_context__series_mean.pt,46,pretrained,5,all_context,series_mean,-1.7240066957452216,591619612.5461509,470660913.3333333,-1.72400203437122,591619106.3503577,470660080.0,48.0
42,lsf,ETTh1,coordination,seed_42/toto_dynamic_probes/artifacts/coordination__layer_4__all_context__series_mean.pt,42,pretrained,4,all_context,series_mean,0.0,0.2959734133961257,0.2531218399592175,0.0,0.4342060970188227,0.4337031871457304,48.0
43,lsf,ETTh1,coordination,seed_43/toto_dynamic_probes/artifacts/coordination__layer_2__all_context__series_mean.pt,43,pretrained,2,all_context,series_mean,0.0,0.442378970393475,0.421716405367369,0.0,0.4117871910642227,0.4113222873366906,48.0
44,lsf,ETTh1,coordination,seed_44/toto_dynamic_probes/artifacts/coordination__layer_3__all_context__series_mean.pt,44,pretrained,3,all_context,series_mean,0.0,0.4875594643346687,0.4480931211761274,0.0,0.412458863154685,0.4118998898713084,48.0
45,lsf,ETTh1,coordination,seed_45/toto_dynamic_probes/artifacts/coordination__layer_4__all_context__series_mean.pt,45,pretrained,4,all_context,series_mean,0.0,0.4475409812661267,0.412344926981131,0.0,0.4009129879608719,0.4005025306656498,48.0
46,lsf,ETTh1,coordination,seed_46/toto_dynamic_probes/artifacts/coordination__layer_2__all_context__series_mean.pt,46,pretrained,2,all_context,series_mean,0.0,0.3963277501704672,0.3605474592869707,0.0,0.4141326856884877,0.4132179859611029,48.0
42,lsf,ETTh2,coordination,seed_42/toto_dynamic_probes/artifacts/coordination__layer_4__all_context__series_mean.pt,42,pretrained,4,all_context,series_mean,-1.0544391821723704,0.2925775667930052,0.2353188069440847,-0.6666600408606516,0.2635226145308857,0.2099642124840066,48.0
43,lsf,ETTh2,coordination,seed_43/toto_dynamic_probes/artifacts/coordination__layer_2__all_context__series_mean.pt,43,pretrained,2,all_context,series_mean,-1.1765366509619746,0.3011461889571502,0.2396707273071544,-0.6444521701602737,0.2617610368701666,0.2053124858330006,48.0
44,lsf,ETTh2,coordination,seed_44/toto_dynamic_probes/artifacts/coordination__layer_3__all_context__series_mean.pt,44,pretrained,3,all_context,series_mean,-1.3358669173704412,0.3119740185075808,0.26076160929458,-0.4441397192001548,0.2453008118616945,0.1975041907044106,48.0
45,lsf,ETTh2,coordination,seed_45/toto_dynamic_probes/artifacts/coordination__layer_4__all_context__series_mean.pt,45,pretrained,4,all_context,series_mean,-2.0832758792138284,0.3584268799916884,0.2982075771282667,-0.496640066399481,0.2497198485636355,0.1965564997511617,48.0
46,lsf,ETTh2,coordination,seed_46/toto_dynamic_probes/artifacts/coordination__layer_2__all_context__series_mean.pt,46,pretrained,2,all_context,series_mean,-0.7065852243883035,0.2666603039127608,0.2374813418920559,-0.4712683817457916,0.2475941219807287,0.2023329440638623,48.0
42,lsf,electricity,coordination,seed_42/toto_dynamic_probes/artifacts/coordination__layer_4__all_context__series_mean.pt,42,pretrained,4,all_context,series_mean,-72.15166230951745,0.373226087882831,0.3175109523725969,0.1754867827222422,0.0396240354754814,0.0323529244594674,48.0
43,lsf,electricity,coordination,seed_43/toto_dynamic_probes/artifacts/coordination__layer_2__all_context__series_mean.pt,43,pretrained,2,all_context,series_mean,-12.573919199383957,0.1607727804561374,0.131876157533587,-1.5643433517631808,0.0698792089536145,0.0680855003093335,48.0
44,lsf,electricity,coordination,seed_44/toto_dynamic_probes/artifacts/coordination__layer_3__all_context__series_mean.pt,44,pretrained,3,all_context,series_mean,-91.2485782675213,0.4191213010547102,0.3721953222429198,-1.150556920347484,0.0639934263288684,0.0597864584882029,48.0
45,lsf,electricity,coordination,seed_45/toto_dynamic_probes/artifacts/coordination__layer_4__all_context__series_mean.pt,45,pretrained,4,all_context,series_mean,-56.56284378781787,0.3310785263694489,0.2854278859973468,-0.8130372784695721,0.0587574933030624,0.0522007393643615,48.0
46,lsf,electricity,coordination,seed_46/toto_dynamic_probes/artifacts/coordination__layer_2__all_context__series_mean.pt,46,pretrained,2,all_context,series_mean,-105.27530233831176,0.4498586414792162,0.4307285587341716,-0.7140098854291415,0.0571303064969111,0.0493968569707776,48.0
42,lsf,weather,coordination,seed_42/toto_dynamic_probes/artifacts/coordination__layer_4__all_context__series_mean.pt,42,pretrained,4,all_context,series_mean,-2.5560768528948445,0.1551776883287525,0.1296968278047628,-0.9443546090977252,0.1147443858391559,0.0754340412143172,48.0
43,lsf,weather,coordination,seed_43/toto_dynamic_probes/artifacts/coordination__layer_2__all_context__series_mean.pt,43,pretrained,2,all_context,series_mean,-1.5109020708547662,0.130394296694163,0.097876444349569,-0.3380389042387508,0.095187096409821,0.0779515767306935,48.0
44,lsf,weather,coordination,seed_44/toto_dynamic_probes/artifacts/coordination__layer_3__all_context__series_mean.pt,44,pretrained,3,all_context,series_mean,-0.3643113094898547,0.0961170533955666,0.0762012395708547,0.0147425221265137,0.0816805359399269,0.0634730852514698,48.0
45,lsf,weather,coordination,seed_45/toto_dynamic_probes/artifacts/coordination__layer_4__all_context__series_mean.pt,45,pretrained,4,all_context,series_mean,-4.3336092238630535,0.1900440624116024,0.1673132104071441,-0.3015184996321312,0.0938790922397243,0.0673295250007954,48.0
46,lsf,weather,coordination,seed_46/toto_dynamic_probes/artifacts/coordination__layer_2__all_context__series_mean.pt,46,pretrained,2,all_context,series_mean,-0.4242255316151515,0.0982048851969092,0.0839518102193408,-0.121833439760048,0.0871581291400648,0.0640736427256628,48.0
42,lsf,ETTh1,current_burstiness,seed_42/toto_dynamic_probes/artifacts/current_burstiness__layer_6__all_context__series_mean.pt,42,pretrained,6,all_context,series_mean,-340896.99818037695,991.0908386034856,986.6403914448402,-189289.96013573284,738.5266527268127,701.1102012718133,48.0
43,lsf,ETTh1,current_burstiness,seed_43/toto_dynamic_probes/artifacts/current_burstiness__layer_11__all_context__series_mean.pt,43,pretrained,11,all_context,series_mean,-348619.57713873836,1002.2538770508304,1002.2458613316218,-316059.0857246185,954.3025030402156,953.1069736117612,48.0
44,lsf,ETTh1,current_burstiness,seed_44/toto_dynamic_probes/artifacts/current_burstiness__layer_7__all_context__series_mean.pt,44,pretrained,7,all_context,series_mean,-334648.06583181705,981.9650815843562,976.7026629018496,-182225.75914161073,724.6149864851732,691.3315905916623,48.0
45,lsf,ETTh1,current_burstiness,seed_45/toto_dynamic_probes/artifacts/current_burstiness__layer_7__all_context__series_mean.pt,45,pretrained,7,all_context,series_mean,-344370.6181971361,996.1274588129528,996.1244014004866,-289773.6093799465,913.7584385559268,910.465922471552,48.0
46,lsf,ETTh1,current_burstiness,seed_46/toto_dynamic_probes/artifacts/current_burstiness__layer_11__all_context__series_mean.pt,46,pretrained,11,all_context,series_mean,-335785.1677568047,983.6319732468206,977.7241864294446,-182732.23243987293,725.6212697909544,690.2370209462284,48.0
42,lsf,ETTh2,current_burstiness,seed_42/toto_dynamic_probes/artifacts/current_burstiness__layer_6__all_context__series_mean.pt,42,pretrained,6,all_context,series_mean,-2.0013329199667687,91509.54029105928,74975.96541989486,-1.93661174996844,90517.50065143696,74171.08444881439,48.0
43,lsf,ETTh2,current_burstiness,seed_43/toto_dynamic_probes/artifacts/current_burstiness__layer_11__all_context__series_mean.pt,43,pretrained,11,all_context,series_mean,-1.9602504396705909,90881.0874222332,74448.92517678038,-2.041858125032187,92125.26813077144,75299.2508695792,48.0
44,lsf,ETTh2,current_burstiness,seed_44/toto_dynamic_probes/artifacts/current_burstiness__layer_7__all_context__series_mean.pt,44,pretrained,7,all_context,series_mean,-1.9908491503026744,91349.57733309983,74838.67593974555,-1.93661174996844,90517.50065143696,74171.08444881439,48.0
45,lsf,ETTh2,current_burstiness,seed_45/toto_dynamic_probes/artifacts/current_burstiness__layer_7__all_context__series_mean.pt,45,pretrained,7,all_context,series_mean,-1.9398093752019403,90566.76870588843,74212.9322911501,-2.015211514371633,91720.87289217232,74882.50293234736,48.0
46,lsf,ETTh2,current_burstiness,seed_46/toto_dynamic_probes/artifacts/current_burstiness__layer_11__all_context__series_mean.pt,46,pretrained,11,all_context,series_mean,-2.0004313504723075,91495.79499708272,74958.458455769,-2.0246134526414252,91863.76216969246,75000.75894467784,48.0
42,lsf,electricity,current_burstiness,seed_42/toto_dynamic_probes/artifacts/current_burstiness__layer_6__all_context__series_mean.pt,42,pretrained,6,all_context,series_mean,-73.55624087517683,2226483.1523577212,2211489.2083333335,-73.4462822140072,2224840.6913215755,2209864.745538845,48.0
43,lsf,electricity,current_burstiness,seed_43/toto_dynamic_probes/artifacts/current_burstiness__layer_11__all_context__series_mean.pt,43,pretrained,11,all_context,series_mean,-73.48831681150999,2225468.708482574,2210479.6423672545,-73.56653194139112,2226636.8088099505,2211655.875,48.0
44,lsf,electricity,current_burstiness,seed_44/toto_dynamic_probes/artifacts/current_burstiness__layer_7__all_context__series_mean.pt,44,pretrained,7,all_context,series_mean,-73.49179828444318,2225520.7154205386,2210512.8671207125,-73.44297118516677,2224791.215421744,2209811.8291517664,48.0
45,lsf,electricity,current_burstiness,seed_45/toto_dynamic_probes/artifacts/current_burstiness__layer_7__all_context__series_mean.pt,45,pretrained,7,all_context,series_mean,-73.45689250294957,2224999.230880828,2209989.2083333335,-73.45681345500995,2224998.049783648,2210018.8487504465,48.0
46,lsf,electricity,current_burstiness,seed_46/toto_dynamic_probes/artifacts/current_burstiness__layer_11__all_context__series_mean.pt,46,pretrained,11,all_context,series_mean,-73.47866206696888,2225324.477621528,2210364.2083333335,-73.4854792247935,2225426.3191465163,2210446.9997150493,48.0
42,lsf,weather,current_burstiness,seed_42/toto_dynamic_probes/artifacts/current_burstiness__layer_6__all_context__series_mean.pt,42,pretrained,6,all_context,series_mean,-0.3566922875750222,8854.363714195551,5747.958810647328,-0.3333409331396353,8777.83242544038,5704.065143585205,48.0
43,lsf,weather,current_burstiness,seed_43/toto_dynamic_probes/artifacts/current_burstiness__layer_11__all_context__series_mean.pt,43,pretrained,11,all_context,series_mean,-0.6077005113040066,9638.717561756504,6145.88076506261,-0.7014294227961471,9915.706171699128,6189.310213124195,48.0
44,lsf,weather,current_burstiness,seed_44/toto_dynamic_probes/artifacts/current_burstiness__layer_7__all_context__series_mean.pt,44,pretrained,7,all_context,series_mean,-0.4729109298827723,9225.818831593306,5946.390101967204,-0.3333409331396353,8777.83242544038,5704.065143585205,48.0
45,lsf,weather,current_burstiness,seed_45/toto_dynamic_probes/artifacts/current_burstiness__layer_7__all_context__series_mean.pt,45,pretrained,7,all_context,series_mean,-0.333360355000875,8777.896355534438,5703.803984709534,-0.6234250277855946,9685.739805845607,5730.925477476256,48.0
46,lsf,weather,current_burstiness,seed_46/toto_dynamic_probes/artifacts/current_burstiness__layer_11__all_context__series_mean.pt,46,pretrained,11,all_context,series_mean,-0.599816981628176,9615.056283672782,6163.916706899719,-0.6979704622845921,9905.621861083147,6018.806051375417,48.0
42,lsf,ETTh1,current_sparsity,seed_42/toto_dynamic_probes/artifacts/current_sparsity__layer_-1__all_context__series_mean.pt,42,pretrained,-1,all_context,series_mean,0.0,0.0176595410163117,0.0176377233673951,0.0,6.521709323900664e-07,5.823521378479449e-07,48.0
43,lsf,ETTh1,current_sparsity,seed_43/toto_dynamic_probes/artifacts/current_sparsity__layer_-1__all_context__series_mean.pt,43,pretrained,-1,all_context,series_mean,0.0,0.0243315837049333,0.0242552124948852,0.0,1.1232884297321892e-06,7.731842954205684e-07,48.0
44,lsf,ETTh1,current_sparsity,seed_44/toto_dynamic_probes/artifacts/current_sparsity__layer_9__all_context__series_mean.pt,44,pretrained,9,all_context,series_mean,0.0,0.0044441380504369,0.003711192510427,0.0,1.954449181417307e-07,1.5461712478519649e-07,48.0
45,lsf,ETTh1,current_sparsity,seed_45/toto_dynamic_probes/artifacts/current_sparsity__layer_11__all_context__series_mean.pt,45,pretrained,11,all_context,series_mean,0.0,0.0180305325711556,0.0142175935010189,0.0,1.1813285369918073e-07,9.101007308973813e-08,48.0
46,lsf,ETTh1,current_sparsity,seed_46/toto_dynamic_probes/artifacts/current_sparsity__layer_11__all_context__series_mean.pt,46,pretrained,11,all_context,series_mean,0.0,0.0173774164731092,0.0141216361708106,0.0,1.1606904805525445e-07,1.0507805614020974e-07,48.0
42,lsf,ETTh2,current_sparsity,seed_42/toto_dynamic_probes/artifacts/current_sparsity__layer_-1__all_context__series_mean.pt,42,pretrained,-1,all_context,series_mean,0.0,0.0181149880786407,0.0180929530999182,0.0,8.095520327131891e-07,7.843112759242191e-07,48.0
43,lsf,ETTh2,current_sparsity,seed_43/toto_dynamic_probes/artifacts/current_sparsity__layer_-1__all_context__series_mean.pt,43,pretrained,-1,all_context,series_mean,0.0,0.0239546139909971,0.0238769461693268,0.0,7.371362925226615e-07,5.501419918392073e-07,48.0
44,lsf,ETTh2,current_sparsity,seed_44/toto_dynamic_probes/artifacts/current_sparsity__layer_9__all_context__series_mean.pt,44,pretrained,9,all_context,series_mean,0.0,0.0038867085177738,0.0030969814921643,0.0,3.655500672201564e-07,3.2401204753893426e-07,48.0
45,lsf,ETTh2,current_sparsity,seed_45/toto_dynamic_probes/artifacts/current_sparsity__layer_11__all_context__series_mean.pt,45,pretrained,11,all_context,series_mean,0.0,0.0103630654716293,0.0078751009248827,0.0,2.036646789822029e-07,1.707897377738766e-07,48.0
46,lsf,ETTh2,current_sparsity,seed_46/toto_dynamic_probes/artifacts/current_sparsity__layer_11__all_context__series_mean.pt,46,pretrained,11,all_context,series_mean,0.0,0.0098413144059026,0.0079746257109166,0.0,3.5671817469366554e-07,3.426111767516778e-07,48.0
42,lsf,electricity,current_sparsity,seed_42/toto_dynamic_probes/artifacts/current_sparsity__layer_-1__all_context__series_mean.pt,42,pretrained,-1,all_context,series_mean,0.0,0.0175076381232458,0.0174939924698829,0.0,2.420023487550173e-07,1.878839380291264e-07,48.0
43,lsf,electricity,current_sparsity,seed_43/toto_dynamic_probes/artifacts/current_sparsity__layer_-1__all_context__series_mean.pt,43,pretrained,-1,all_context,series_mean,0.0,0.0246956791114319,0.0246317572572605,0.0,3.9856642742186826e-07,3.263367699922471e-07,48.0
44,lsf,electricity,current_sparsity,seed_44/toto_dynamic_probes/artifacts/current_sparsity__layer_9__all_context__series_mean.pt,44,pretrained,9,all_context,series_mean,0.0,0.0083140079135423,0.0065336547807817,0.0,1.1918861937007917e-07,8.874349978193567e-08,48.0
45,lsf,electricity,current_sparsity,seed_45/toto_dynamic_probes/artifacts/current_sparsity__layer_11__all_context__series_mean.pt,45,pretrained,11,all_context,series_mean,0.0,0.0302183720401137,0.0239681383857837,0.0,8.181361129750456e-08,7.074672672257448e-08,48.0
46,lsf,electricity,current_sparsity,seed_46/toto_dynamic_probes/artifacts/current_sparsity__layer_11__all_context__series_mean.pt,46,pretrained,11,all_context,series_mean,0.0,0.0202049560275164,0.0151789463395126,0.0,6.134554678770876e-08,6.06679678924471e-08,48.0
42,lsf,weather,current_sparsity,seed_42/toto_dynamic_probes/artifacts/current_sparsity__layer_-1__all_context__series_mean.pt,42,pretrained,-1,all_context,series_mean,0.0,0.0177660128904317,0.0177639036128215,0.0,6.878373416239349e-07,4.208205571116601e-07,48.0
43,lsf,weather,current_sparsity,seed_43/toto_dynamic_probes/artifacts/current_sparsity__layer_-1__all_context__series_mean.pt,43,pretrained,-1,all_context,series_mean,0.0,0.0244564276880381,0.0244501946517355,0.0,1.447730986974188e-06,1.382826249965441e-06,48.0
44,lsf,weather,current_sparsity,seed_44/toto_dynamic_probes/artifacts/current_sparsity__layer_9__all_context__series_mean.pt,44,pretrained,9,all_context,series_mean,0.0,0.0032696196594993,0.0027440479242332,0.0,3.215456550302581e-07,2.0307620524073758e-07,48.0
45,lsf,weather,current_sparsity,seed_45/toto_dynamic_probes/artifacts/current_sparsity__layer_11__all_context__series_mean.pt,45,pretrained,11,all_context,series_mean,0.0,0.0097111488066544,0.0078768732855382,0.0,1.8363711060204682e-07,1.2733508728077908e-07,48.0
46,lsf,weather,current_sparsity,seed_46/toto_dynamic_probes/artifacts/current_sparsity__layer_11__all_context__series_mean.pt,46,pretrained,11,all_context,series_mean,0.0,0.0070449370687795,0.0057449583637025,0.0,2.9365091942433e-07,2.562372721272762e-07,48.0
42,lsf,ETTh1,future_burstiness,seed_42/toto_dynamic_probes/artifacts/future_burstiness__layer_6__all_context__series_mean.pt,42,pretrained,6,all_context,series_mean,-472479.2216000877,997.4795782381964,997.470793525378,-261511.93030138497,742.0937601525507,700.7520317161492,48.0
43,lsf,ETTh1,future_burstiness,seed_43/toto_dynamic_probes/artifacts/future_burstiness__layer_10__all_context__series_mean.pt,43,pretrained,10,all_context,series_mean,-476537.9755297611,1001.7547484928076,1001.7443270881972,-468397.78347743506,993.1619569351486,993.1253814017892,48.0
44,lsf,ETTh1,future_burstiness,seed_44/toto_dynamic_probes/artifacts/future_burstiness__layer_9__all_context__series_mean.pt,44,pretrained,9,all_context,series_mean,-463420.2415813405,987.8708364376296,980.2204428400064,-259672.93239113904,739.479899807921,690.9734210359984,48.0
45,lsf,ETTh1,future_burstiness,seed_45/toto_dynamic_probes/artifacts/future_burstiness__layer_11__all_context__series_mean.pt,45,pretrained,11,all_context,series_mean,-475945.9797701442,1001.132324213508,1001.0835467520168,-455163.23231354984,979.0305859616276,978.7127588217768,48.0
46,lsf,ETTh1,future_burstiness,seed_46/toto_dynamic_probes/artifacts/future_burstiness__layer_11__all_context__series_mean.pt,46,pretrained,11,all_context,series_mean,-465036.15929315257,989.5916561765982,986.3042527541324,-472650.74231659784,997.6606153268892,997.6513907114664,48.0
42,lsf,ETTh2,future_burstiness,seed_42/toto_dynamic_probes/artifacts/future_burstiness__layer_6__all_context__series_mean.pt,42,pretrained,6,all_context,series_mean,-1.9639949360682527,84264.97880629895,69083.45799390896,-1.9366614945254228,83875.5404647167,68776.64736795425,48.0
43,lsf,ETTh2,future_burstiness,seed_43/toto_dynamic_probes/artifacts/future_burstiness__layer_10__all_context__series_mean.pt,43,pretrained,10,all_context,series_mean,-2.0094120444443275,84908.11796794856,69625.12217886254,-1.9699671879450409,84349.8302380857,69176.06794645976,48.0
44,lsf,ETTh2,future_burstiness,seed_44/toto_dynamic_probes/artifacts/future_burstiness__layer_9__all_context__series_mean.pt,44,pretrained,9,all_context,series_mean,-1.9743235894760345,84411.67049678274,69207.60383216967,-1.9366614945254228,83875.5404647167,68776.64736795425,48.0
45,lsf,ETTh2,future_burstiness,seed_45/toto_dynamic_probes/artifacts/future_burstiness__layer_11__all_context__series_mean.pt,45,pretrained,11,all_context,series_mean,-2.014491652142097,84979.7462591494,69652.21611730265,-1.9366614945254228,83875.5404647167,68776.64736795425,48.0
46,lsf,ETTh2,future_burstiness,seed_46/toto_dynamic_probes/artifacts/future_burstiness__layer_11__all_context__series_mean.pt,46,pretrained,11,all_context,series_mean,-1.9883722343428591,84610.78678935055,69373.72808143828,-1.9366614945254228,83875.5404647167,68776.64736795425,48.0
42,lsf,electricity,future_burstiness,seed_42/toto_dynamic_probes/artifacts/future_burstiness__layer_6__all_context__series_mean.pt,42,pretrained,6,all_context,series_mean,-48.308683377555944,2287453.0866675307,2264124.3842548686,-48.27328842897902,2286631.9451000784,2263313.95599404,48.0
43,lsf,electricity,future_burstiness,seed_43/toto_dynamic_probes/artifacts/future_burstiness__layer_10__all_context__series_mean.pt,43,pretrained,10,all_context,series_mean,-48.30583169519798,2287386.940266119,2264076.1742211543,-48.27494099875502,2286670.2902895105,2263360.250638139,48.0
44,lsf,electricity,future_burstiness,seed_44/toto_dynamic_probes/artifacts/future_burstiness__layer_9__all_context__series_mean.pt,44,pretrained,9,all_context,series_mean,-48.330109641221576,2287950.0199302696,2264661.2916666665,-48.27334082508667,2286633.160876268,2263315.423856583,48.0
45,lsf,electricity,future_burstiness,seed_45/toto_dynamic_probes/artifacts/future_burstiness__layer_11__all_context__series_mean.pt,45,pretrained,11,all_context,series_mean,-48.32589355215734,2287852.2459009285,2264536.2916666665,-48.27230095938388,2286609.0321699083,2263286.2916666665,48.0
46,lsf,electricity,future_burstiness,seed_46/toto_dynamic_probes/artifacts/future_burstiness__layer_11__all_context__series_mean.pt,46,pretrained,11,all_context,series_mean,-48.27887544423971,2286761.5800996297,2263452.9583333335,-48.27230095938388,2286609.0321699083,2263286.2916666665,48.0
42,lsf,weather,future_burstiness,seed_42/toto_dynamic_probes/artifacts/future_burstiness__layer_6__all_context__series_mean.pt,42,pretrained,6,all_context,series_mean,-0.8229956756519785,2254570.2184023443,1515215.3491934007,-0.8223470124214047,2254169.069091367,1514910.0288556416,48.0
43,lsf,weather,future_burstiness,seed_43/toto_dynamic_probes/artifacts/future_burstiness__layer_10__all_context__series_mean.pt,43,pretrained,10,all_context,series_mean,-0.8241120789989487,2255260.462634654,1515936.173519499,-0.8223470124214047,2254169.069091367,1514910.0288556416,48.0
44,lsf,weather,future_burstiness,seed_44/toto_dynamic_probes/artifacts/future_burstiness__layer_9__all_context__series_mean.pt,44,pretrained,9,all_context,series_mean,-0.8225670562149123,2254305.157590848,1515147.2085627865,-0.8223470124214047,2254169.069091367,1514910.0288556416,48.0
45,lsf,weather,future_burstiness,seed_45/toto_dynamic_probes/artifacts/future_burstiness__layer_11__all_context__series_mean.pt,45,pretrained,11,all_context,series_mean,-0.823889247064651,2255122.7081058775,1516008.6034144517,-0.8223470124214047,2254169.069091367,1514910.0288556416,48.0
46,lsf,weather,future_burstiness,seed_46/toto_dynamic_probes/artifacts/future_burstiness__layer_11__all_context__series_mean.pt,46,pretrained,11,all_context,series_mean,-0.8244786340131198,2255487.0483566546,1516169.2716263134,-0.8223470124214047,2254169.069091367,1514910.0288556416,48.0
42,lsf,ETTh1,future_sparsity,seed_42/toto_dynamic_probes/artifacts/future_sparsity__layer_-1__all_context__series_mean.pt,42,pretrained,-1,all_context,series_mean,0.0,0.0176604455308408,0.0176386279022078,0.0,1.7966736433400565e-06,1.325978810973183e-06,48.0
43,lsf,ETTh1,future_sparsity,seed_43/toto_dynamic_probes/artifacts/future_sparsity__layer_-1__all_context__series_mean.pt,43,pretrained,-1,all_context,series_mean,0.0,0.0243315736518022,0.0242552035027629,0.0,1.5915911798377844e-06,1.2225102868900866e-06,48.0
44,lsf,ETTh1,future_sparsity,seed_44/toto_dynamic_probes/artifacts/future_sparsity__layer_9__all_context__series_mean.pt,44,pretrained,9,all_context,series_mean,0.0,0.0044441380504369,0.003711192510427,0.0,1.954449181417307e-07,1.5461712478519649e-07,48.0
45,lsf,ETTh1,future_sparsity,seed_45/toto_dynamic_probes/artifacts/future_sparsity__layer_11__all_context__series_mean.pt,45,pretrained,11,all_context,series_mean,0.0,0.0180572079040553,0.0142402174114093,0.0,3.352534706045227e-06,2.714266251877042e-06,48.0
46,lsf,ETTh1,future_sparsity,seed_46/toto_dynamic_probes/artifacts/future_sparsity__layer_11__all_context__series_mean.pt,46,pretrained,11,all_context,series_mean,0.0,0.0173774164731092,0.0141216361708106,0.0,1.1606904805525445e-07,1.0507805614020974e-07,48.0
42,lsf,ETTh2,future_sparsity,seed_42/toto_dynamic_probes/artifacts/future_sparsity__layer_-1__all_context__series_mean.pt,42,pretrained,-1,all_context,series_mean,0.0,0.0181159013967985,0.0180938665014997,0.0,8.526800447930642e-07,6.038592590384048e-07,48.0
43,lsf,ETTh2,future_sparsity,seed_43/toto_dynamic_probes/artifacts/future_sparsity__layer_-1__all_context__series_mean.pt,43,pretrained,-1,all_context,series_mean,0.0,0.0239545960703437,0.0238769327215621,0.0,1.4528486795631695e-06,1.192536881521276e-06,48.0
44,lsf,ETTh2,future_sparsity,seed_44/toto_dynamic_probes/artifacts/future_sparsity__layer_9__all_context__series_mean.pt,44,pretrained,9,all_context,series_mean,0.0,0.0038867085177738,0.0030969814921643,0.0,3.655500672201564e-07,3.2401204753893426e-07,48.0
45,lsf,ETTh2,future_sparsity,seed_45/toto_dynamic_probes/artifacts/future_sparsity__layer_11__all_context__series_mean.pt,45,pretrained,11,all_context,series_mean,0.0,0.0103441547470393,0.0078684980036314,0.0,7.818548328864854e-06,7.786673655967892e-06,48.0
46,lsf,ETTh2,future_sparsity,seed_46/toto_dynamic_probes/artifacts/future_sparsity__layer_11__all_context__series_mean.pt,46,pretrained,11,all_context,series_mean,0.0,0.0098413144059026,0.0079746257109166,0.0,3.5671817469366554e-07,3.426111767516778e-07,48.0
42,lsf,electricity,future_sparsity,seed_42/toto_dynamic_probes/artifacts/future_sparsity__layer_-1__all_context__series_mean.pt,42,pretrained,-1,all_context,series_mean,0.0,0.0175085378154646,0.0174948897556044,0.0,4.535065522358941e-06,3.7637059296553865e-06,48.0
43,lsf,electricity,future_sparsity,seed_43/toto_dynamic_probes/artifacts/future_sparsity__layer_-1__all_context__series_mean.pt,43,pretrained,-1,all_context,series_mean,0.0,0.0246956589135291,0.0246317343697436,0.0,7.009509272880091e-07,6.878160057274818e-07,48.0
44,lsf,electricity,future_sparsity,seed_44/toto_dynamic_probes/artifacts/future_sparsity__layer_9__all_context__series_mean.pt,44,pretrained,9,all_context,series_mean,0.0,0.0083140079135423,0.0065336547807817,0.0,1.1918861937007917e-07,8.874349978193567e-08,48.0
45,lsf,electricity,future_sparsity,seed_45/toto_dynamic_probes/artifacts/future_sparsity__layer_11__all_context__series_mean.pt,45,pretrained,11,all_context,series_mean,0.0,0.0302478794941824,0.0239770694364643,0.0,2.3724809976243778e-06,2.2910770111015297e-06,48.0
46,lsf,electricity,future_sparsity,seed_46/toto_dynamic_probes/artifacts/future_sparsity__layer_11__all_context__series_mean.pt,46,pretrained,11,all_context,series_mean,0.0,0.0202049560275164,0.0151789463395126,0.0,6.134554678770876e-08,6.06679678924471e-08,48.0
42,lsf,weather,future_sparsity,seed_42/toto_dynamic_probes/artifacts/future_sparsity__layer_-1__all_context__series_mean.pt,42,pretrained,-1,all_context,series_mean,0.0,0.0177669057901189,0.0177647966515666,0.0,5.962027509766578e-07,4.751468940707622e-07,48.0
43,lsf,weather,future_sparsity,seed_43/toto_dynamic_probes/artifacts/future_sparsity__layer_-1__all_context__series_mean.pt,43,pretrained,-1,all_context,series_mean,0.0,0.0244564337148891,0.0244502011671582,0.0,2.3501023897187433e-06,1.9642407650966496e-06,48.0
44,lsf,weather,future_sparsity,seed_44/toto_dynamic_probes/artifacts/future_sparsity__layer_9__all_context__series_mean.pt,44,pretrained,9,all_context,series_mean,0.0,0.0032696196594993,0.0027440479242332,0.0,3.215456550302581e-07,2.0307620524073758e-07,48.0
45,lsf,weather,future_sparsity,seed_45/toto_dynamic_probes/artifacts/future_sparsity__layer_11__all_context__series_mean.pt,45,pretrained,11,all_context,series_mean,0.0,0.009701534397621,0.0078713945285024,0.0,6.941942932466275e-06,6.8569001187912424e-06,48.0
46,lsf,weather,future_sparsity,seed_46/toto_dynamic_probes/artifacts/future_sparsity__layer_11__all_context__series_mean.pt,46,pretrained,11,all_context,series_mean,0.0,0.0070449370687795,0.0057449583637025,0.0,2.9365091942433e-07,2.562372721272762e-07,48.0
42,lsf,ETTh1,shift_risk,seed_42/toto_dynamic_probes/artifacts/shift_risk__layer_4__all_context__series_mean.pt,42,pretrained,4,all_context,series_mean,-518431568.2107206,1000.2459936891332,1000.2459601325294,-517809241.41320306,999.6454642828968,999.6454633176328,48.0
43,lsf,ETTh1,shift_risk,seed_43/toto_dynamic_probes/artifacts/shift_risk__layer_7__all_context__series_mean.pt,43,pretrained,7,all_context,series_mean,-516406802.7582184,998.2908225823674,998.2121078621598,-356243847.55954945,829.1532126186878,750.7548715858671,48.0
44,lsf,ETTh1,shift_risk,seed_44/toto_dynamic_probes/artifacts/shift_risk__layer_4__all_context__series_mean.pt,44,pretrained,4,all_context,series_mean,-505230219.69126266,987.428734033744,979.4723747874056,-517809241.41320306,999.6454642828968,999.6454633176328,48.0
45,lsf,ETTh1,shift_risk,seed_45/toto_dynamic_probes/artifacts/shift_risk__layer_-1__all_context__series_mean.pt,45,pretrained,-1,all_context,series_mean,-485831716.9479961,968.2868484431626,940.9487114486988,-365188478.8160587,839.4979409539893,779.8469871575253,48.0
46,lsf,ETTh1,shift_risk,seed_46/toto_dynamic_probes/artifacts/shift_risk__layer_5__all_context__series_mean.pt,46,pretrained,5,all_context,series_mean,-517559191.5494948,999.4040709516726,999.3993179051628,-362526705.80866635,836.4328940362359,771.5387577122729,48.0
42,lsf,ETTh2,shift_risk,seed_42/toto_dynamic_probes/artifacts/shift_risk__layer_4__all_context__series_mean.pt,42,pretrained,4,all_context,series_mean,-12.074803599714304,1250.973681067382,1131.890686283453,-2.632493990517325,659.375851861315,561.3248642881712,48.0
43,lsf,ETTh2,shift_risk,seed_43/toto_dynamic_probes/artifacts/shift_risk__layer_7__all_context__series_mean.pt,43,pretrained,7,all_context,series_mean,-9.963694843797136,1145.5368265734112,996.731571887772,-2.632493990517325,659.375851861315,561.3248642881712,48.0
44,lsf,ETTh2,shift_risk,seed_44/toto_dynamic_probes/artifacts/shift_risk__layer_4__all_context__series_mean.pt,44,pretrained,4,all_context,series_mean,-7.764976593390982,1024.2499847023576,861.5369087800746,-2.632493990517325,659.375851861315,561.3248642881712,48.0
45,lsf,ETTh2,shift_risk,seed_45/toto_dynamic_probes/artifacts/shift_risk__layer_-1__all_context__series_mean.pt,45,pretrained,-1,all_context,series_mean,-10.531004319272464,1174.8005825809155,1035.950438546105,-0.2234636352862375,382.6714998226938,305.9957570742037,48.0
46,lsf,ETTh2,shift_risk,seed_46/toto_dynamic_probes/artifacts/shift_risk__layer_5__all_context__series_mean.pt,46,pretrained,5,all_context,series_mean,-7.730597616643458,1022.2392968993248,864.9927127625236,-0.0019316492672067,346.2977210576791,315.7760084912157,48.0
42,lsf,electricity,shift_risk,seed_42/toto_dynamic_probes/artifacts/shift_risk__layer_4__all_context__series_mean.pt,42,pretrained,4,all_context,series_mean,-6.334599369629103,2665.6862723119466,2433.6724909183577,-0.3372506354080093,1138.2227022926172,913.8308308919272,48.0
43,lsf,electricity,shift_risk,seed_43/toto_dynamic_probes/artifacts/shift_risk__layer_7__all_context__series_mean.pt,43,pretrained,7,all_context,series_mean,-3.752261110711131,2145.7097984794864,1766.430330618704,-0.3372506354080093,1138.2227022926172,913.8308308919272,48.0
44,lsf,electricity,shift_risk,seed_44/toto_dynamic_probes/artifacts/shift_risk__layer_4__all_context__series_mean.pt,44,pretrained,4,all_context,series_mean,-5.00231573872744,2411.461071618807,2191.7905988192947,-0.3372506354080093,1138.2227022926172,913.8308308919272,48.0
45,lsf,electricity,shift_risk,seed_45/toto_dynamic_probes/artifacts/shift_risk__layer_-1__all_context__series_mean.pt,45,pretrained,-1,all_context,series_mean,-3.9054324434404686,2180.015023833804,1759.4125736420565,-0.3372506354080093,1138.2227022926172,913.8308308919272,48.0
46,lsf,electricity,shift_risk,seed_46/toto_dynamic_probes/artifacts/shift_risk__layer_5__all_context__series_mean.pt,46,pretrained,5,all_context,series_mean,-3.115954946244732,1996.8992009702145,1660.7682387064335,-4.802697755169334,2371.0232470633136,1984.299075033892,48.0
42,lsf,weather,shift_risk,seed_42/toto_dynamic_probes/artifacts/shift_risk__layer_4__all_context__series_mean.pt,42,pretrained,4,all_context,series_mean,-0.4957731819301714,38654.36014611901,22859.013927900247,-0.4675639207569002,38288.127780980256,22593.61726105213,48.0
43,lsf,weather,shift_risk,seed_43/toto_dynamic_probes/artifacts/shift_risk__layer_7__all_context__series_mean.pt,43,pretrained,7,all_context,series_mean,-0.5472415876941892,39313.76909583928,23530.68985438189,-0.4804323020072023,38455.62673985563,22690.33621390783,48.0
44,lsf,weather,shift_risk,seed_44/toto_dynamic_probes/artifacts/shift_risk__layer_4__all_context__series_mean.pt,44,pretrained,4,all_context,series_mean,-0.5253564670395403,39034.74003107095,23188.486910508494,-0.4675639207569002,38288.127780980256,22593.61726105213,48.0
45,lsf,weather,shift_risk,seed_45/toto_dynamic_probes/artifacts/shift_risk__layer_-1__all_context__series_mean.pt,45,pretrained,-1,all_context,series_mean,-0.4896166359768064,38574.728177479534,22744.549740486615,-0.5308309699589648,39104.72511576191,22736.971509696177,48.0
46,lsf,weather,shift_risk,seed_46/toto_dynamic_probes/artifacts/shift_risk__layer_5__all_context__series_mean.pt,46,pretrained,5,all_context,series_mean,-0.4677917506259434,38291.099658554645,22706.47057056455,-0.5573282829509139,39441.70704168382,23158.345859648573,48.0
